wall_time,elapsed_s,epoch,global_step,step_in_epoch,loss,batch_acc,running_loss,running_acc,lr,samples_per_s,gpu_alloc_mb
7.54,7.54,1,1,1,1.856431,0.34375,1.856431,0.34375,3.7037037037037037e-05,212.46,688.5
7.6,7.6,1,2,2,1.552607,0.390625,1.704519,0.367188,5.555555555555555e-05,1120.58,688.5
7.66,7.66,1,3,3,1.820344,0.328125,1.743127,0.354167,7.407407407407407e-05,1114.62,688.5
7.72,7.72,1,4,4,1.617927,0.4375,1.711827,0.375,9.259259259259259e-05,1114.78,688.5
8.09,8.09,1,5,5,1.703588,0.328125,1.710179,0.365625,0.0001111111111111111,1122.18,688.5
8.15,8.15,1,6,6,1.543036,0.4375,1.682322,0.377604,0.00012962962962962963,1113.24,688.5
8.21,8.21,1,7,7,1.540368,0.328125,1.662043,0.370536,0.00014814814814814815,1096.39,688.5
8.27,8.27,1,8,8,1.459229,0.375,1.636691,0.371094,0.00016666666666666666,1117.58,688.5
8.87,8.87,1,9,9,1.492718,0.40625,1.620694,0.375,0.00018518518518518518,1121.69,688.5
8.93,8.93,1,10,10,1.309303,0.484375,1.589555,0.385937,0.0002037037037037037,1097.54,688.5
9.0,9.0,1,11,11,1.270943,0.453125,1.56059,0.392045,0.0002222222222222222,1099.37,688.5
9.06,9.06,1,12,12,1.15234,0.546875,1.526569,0.404948,0.00024074074074074072,1071.85,688.5
9.67,9.67,1,13,13,1.281748,0.515625,1.507737,0.413462,0.00025925925925925926,1097.71,688.5
9.73,9.73,1,14,14,1.237792,0.515625,1.488455,0.420759,0.0002777777777777778,1126.24,688.5
9.85,9.85,1,15,15,1.271295,0.46875,1.473978,0.423958,0.0002962962962962963,1098.37,688.5
9.91,9.91,1,16,16,1.468822,0.4375,1.473656,0.424805,0.0003148148148148148,1100.04,688.5
10.4,10.4,1,17,17,1.371253,0.40625,1.467632,0.423713,0.0003333333333333333,1100.92,688.5
10.47,10.47,1,18,18,1.207554,0.5,1.453183,0.427951,0.0003518518518518519,1121.35,688.5
10.72,10.72,1,19,19,1.421546,0.453125,1.451518,0.429276,0.00037037037037037035,1114.67,688.5
10.78,10.78,1,20,20,1.515193,0.453125,1.454702,0.430469,0.0003888888888888889,1114.27,688.5
11.37,11.37,1,21,21,1.25022,0.4375,1.444965,0.430804,0.0004074074074074074,1087.69,688.5
11.42,11.42,1,22,22,1.327129,0.421875,1.439608,0.430398,0.00042592592592592595,1118.73,688.5
11.48,11.48,1,23,23,1.088473,0.609375,1.424342,0.438179,0.0004444444444444444,1084.22,688.5
11.54,11.54,1,24,24,1.143861,0.546875,1.412655,0.442708,0.000462962962962963,1118.38,688.5
12.02,12.02,1,25,25,1.112142,0.578125,1.400634,0.448125,0.00048148148148148144,1117.24,688.5
12.08,12.08,1,26,26,1.040444,0.5625,1.386781,0.452524,0.0005,1098.4,688.5
12.13,12.13,1,27,27,1.127821,0.578125,1.37719,0.457176,0.0005185185185185185,1123.72,688.5
12.19,12.19,1,28,28,1.10262,0.53125,1.367384,0.459821,0.0005370370370370371,1100.05,688.5
12.81,12.81,1,29,29,0.97041,0.609375,1.353695,0.464978,0.0005555555555555556,1089.64,688.5
12.89,12.89,1,30,30,1.177482,0.515625,1.347821,0.466667,0.0005740740740740741,1101.07,688.5
12.95,12.95,1,31,31,1.22335,0.53125,1.343806,0.46875,0.0005925925925925926,1120.32,688.5
13.01,13.01,1,32,32,1.173557,0.609375,1.338486,0.473145,0.0006111111111111112,1098.01,688.5
13.59,13.59,1,33,33,1.260486,0.5,1.336122,0.473958,0.0006296296296296296,1088.12,688.5
13.78,13.78,1,34,34,1.222243,0.59375,1.332773,0.477482,0.0006481481481481481,1090.93,688.5
13.84,13.84,1,35,35,0.935041,0.59375,1.321409,0.480804,0.0006666666666666666,1115.44,688.5
13.9,13.9,1,36,36,1.094903,0.5625,1.315117,0.483073,0.0006851851851851853,1116.61,688.5
14.42,14.42,1,37,37,1.034113,0.625,1.307522,0.486909,0.0007037037037037038,1097.89,688.5
14.61,14.61,1,38,38,1.266652,0.46875,1.306447,0.486431,0.0007222222222222222,1080.54,688.5
14.66,14.66,1,39,39,1.08148,0.5625,1.300679,0.488381,0.0007407407407407407,1088.19,688.5
14.73,14.73,1,40,40,1.02246,0.640625,1.293723,0.492188,0.0007592592592592593,1063.36,688.5
15.23,15.23,1,41,41,0.994594,0.609375,1.286427,0.495046,0.0007777777777777778,1114.96,688.5
15.49,15.49,1,42,42,0.911626,0.640625,1.277503,0.498512,0.0007962962962962962,1113.2,688.5
15.55,15.55,1,43,43,1.074012,0.5625,1.272771,0.5,0.0008148148148148148,1075.43,688.5
15.61,15.61,1,44,44,1.085648,0.59375,1.268518,0.502131,0.0008333333333333334,1118.82,688.5
15.97,15.97,1,45,45,0.967422,0.65625,1.261827,0.505556,0.0008518518518518519,1121.71,688.5
16.31,16.31,1,46,46,0.977893,0.625,1.255655,0.508152,0.0008703703703703704,1109.33,688.5
16.36,16.36,1,47,47,1.059154,0.6875,1.251474,0.511968,0.0008888888888888888,1099.74,688.5
16.42,16.42,1,48,48,0.854239,0.671875,1.243198,0.515299,0.0009074074074074074,1118.99,688.5
16.72,16.72,1,49,49,1.02658,0.640625,1.238777,0.517857,0.000925925925925926,1103.72,688.5
17.06,17.06,1,50,50,0.912203,0.6875,1.232246,0.52125,0.0009444444444444445,1120.45,688.5
17.12,17.12,1,51,51,0.943252,0.6875,1.226579,0.52451,0.0009629629629629629,1097.92,688.5
17.18,17.18,1,52,52,0.979218,0.625,1.221822,0.526442,0.0009814814814814816,1124.84,688.5
17.5,17.5,1,53,53,0.842473,0.6875,1.214665,0.529481,0.001,1126.81,688.5
17.53,17.53,1,54,54,1.554944,0.0,1.220966,0.519676,0.001,31.79,650.5
21.05,21.05,2,55,1,0.718196,0.765625,0.718196,0.765625,0.000999989553622803,1117.43,688.5
21.29,21.29,2,56,2,0.814142,0.6875,0.766169,0.726562,0.0009999582149277186,1100.15,688.5
21.35,21.35,2,57,3,0.680835,0.734375,0.737724,0.729167,0.0009999059852242506,1117.9,688.5
21.41,21.41,2,58,4,0.679481,0.71875,0.723163,0.726562,0.0009998328666948437,1105.37,688.5
21.86,21.86,2,59,5,0.857644,0.6875,0.750059,0.71875,0.0009997388623947927,1111.64,688.5
22.02,22.02,2,60,6,0.847885,0.671875,0.766364,0.710938,0.000999623976252115,1090.85,688.5
22.07,22.07,2,61,7,0.757706,0.71875,0.765127,0.712054,0.0009994882130673868,1123.51,688.5
22.13,22.13,2,62,8,0.787698,0.609375,0.767948,0.699219,0.0009993315785135415,1094.72,688.5
22.62,22.62,2,63,9,1.13069,0.59375,0.808253,0.6875,0.0009991540791356342,1092.43,688.5
22.73,22.73,2,64,10,0.834911,0.703125,0.810919,0.689063,0.000998955722350566,1081.84,688.5
22.79,22.79,2,65,11,0.871019,0.75,0.816382,0.694602,0.0009987365164467767,1112.03,688.5
22.88,22.88,2,66,12,0.813312,0.71875,0.816127,0.696615,0.000998496470583896,1097.18,688.5
23.49,23.49,2,67,13,0.898806,0.703125,0.822486,0.697115,0.000998235594792363,1102.76,688.5
23.55,23.55,2,68,14,0.661263,0.75,0.81097,0.700893,0.0009979538999730047,1102.03,688.5
23.61,23.61,2,69,15,0.771758,0.671875,0.808356,0.698958,0.0009976513978965829,1120.16,688.5
23.67,23.67,2,70,16,0.961192,0.640625,0.817909,0.695312,0.0009973281012033007,1120.61,688.5
24.39,24.39,2,71,17,0.799891,0.703125,0.816849,0.695772,0.000996984023402275,1099.62,688.5
24.45,24.45,2,72,18,0.809354,0.703125,0.816432,0.696181,0.0009966191788709714,1076.22,688.5
24.51,24.51,2,73,19,0.925953,0.65625,0.822197,0.694079,0.0009962335828546047,1094.77,688.5
24.57,24.57,2,74,20,0.787492,0.65625,0.820461,0.692187,0.0009958272514655007,1093.65,688.5
25.09,25.09,2,75,21,0.720792,0.71875,0.815715,0.693452,0.0009954002016824225,1103.35,688.5
25.18,25.18,2,76,22,0.988873,0.5625,0.823586,0.6875,0.0009949524513498636,1121.1,688.5
25.24,25.24,2,77,23,0.740735,0.734375,0.819984,0.689538,0.0009944840191772985,1111.14,688.5
25.3,25.3,2,78,24,0.722637,0.765625,0.815928,0.692708,0.0009939949247384046,1091.71,688.5
25.78,25.78,2,79,25,0.828435,0.703125,0.816428,0.693125,0.0009934851884702415,1093.97,688.5
26.15,26.15,2,80,26,0.762977,0.71875,0.814372,0.694111,0.0009929548316723982,1097.16,688.5
26.21,26.21,2,81,27,0.711956,0.71875,0.810579,0.695023,0.000992403876506104,1093.99,688.5
26.27,26.27,2,82,28,1.034223,0.5625,0.818566,0.69029,0.0009918323459933004,1116.59,688.5
26.6,26.6,2,83,29,0.926435,0.71875,0.822286,0.691272,0.000991240264015681,1094.35,688.5
26.89,26.89,2,84,30,1.075447,0.640625,0.830725,0.689583,0.0009906276553136924,1116.27,688.5
26.95,26.95,2,85,31,0.860562,0.6875,0.831687,0.689516,0.0009899945454855006,1094.32,688.5
27.01,27.01,2,86,32,0.705513,0.71875,0.827744,0.69043,0.0009893409609859221,1111.57,688.5
27.4,27.4,2,87,33,0.699938,0.71875,0.823871,0.691288,0.000988666929125318,1039.88,688.5
27.64,27.64,2,88,34,0.987949,0.65625,0.828697,0.690257,0.0009879724780684517,1100.84,688.5
27.7,27.7,2,89,35,0.811518,0.671875,0.828206,0.689732,0.000987257636833315,1120.81,688.5
27.76,27.76,2,90,36,0.622568,0.78125,0.822494,0.692274,0.0009865224352899118,1096.23,688.5
28.16,28.16,2,91,37,0.854884,0.671875,0.823369,0.691723,0.0009857669041590134,1094.76,688.5
28.38,28.38,2,92,38,0.905596,0.671875,0.825533,0.691201,0.0009849910750108718,1103.17,688.5
28.44,28.44,2,93,39,1.088816,0.5625,0.832284,0.687901,0.000984194980263903,1124.4,688.5
28.5,28.5,2,94,40,0.797871,0.6875,0.831424,0.687891,0.000983378653183331,1093.09,688.5
28.89,28.89,2,95,41,0.692502,0.71875,0.828035,0.688643,0.0009825421278797984,1092.69,688.5
29.18,29.18,2,96,42,0.728404,0.71875,0.825663,0.68936,0.0009816854393079402,1096.82,688.5
29.24,29.24,2,97,43,0.68339,0.75,0.822355,0.69077,0.0009808086232649246,1066.42,688.5
29.3,29.3,2,98,44,1.064402,0.59375,0.827856,0.688565,0.000979911716388956,1079.16,688.5
29.73,29.73,2,99,45,0.995718,0.609375,0.831586,0.686806,0.0009789947561577445,1098.34,688.5
30.15,30.15,2,100,46,0.985803,0.625,0.834939,0.685462,0.0009780577808869398,1121.32,688.5
30.21,30.21,2,101,47,0.825857,0.671875,0.834745,0.685173,0.0009771008297285307,1098.74,688.5
30.27,30.27,2,102,48,0.911902,0.65625,0.836353,0.68457,0.0009761239426692076,1120.76,688.5
30.48,30.48,2,103,49,0.819964,0.71875,0.836018,0.685268,0.000975127160528694,1126.53,688.5
30.86,30.86,2,104,50,0.903608,0.640625,0.83737,0.684375,0.0009741105249580382,1119.71,688.5
30.92,30.92,2,105,51,0.787212,0.6875,0.836387,0.684436,0.0009730740784378753,1105.27,688.5
30.97,30.97,2,106,52,0.89649,0.59375,0.837542,0.682692,0.00097201786427665,1124.95,688.5
31.03,31.03,2,107,53,0.962058,0.671875,0.839892,0.682488,0.0009709419266088087,1090.98,688.5
31.04,31.04,2,108,54,0.000733,1.0,0.824352,0.688368,0.0009698463103929542,88.21,650.5
34.78,34.78,3,109,1,0.645709,0.671875,0.645709,0.671875,0.0009687310614099676,1115.94,688.5
34.84,34.84,3,110,2,0.642548,0.796875,0.644128,0.734375,0.0009675962262610949,1118.6,688.5
34.9,34.9,3,111,3,0.496279,0.84375,0.594845,0.770833,0.0009664418523660003,1099.28,688.5
34.95,34.95,3,112,4,0.666632,0.765625,0.612792,0.769531,0.0009652679879607843,1117.08,688.5
35.73,35.73,3,113,5,0.533071,0.828125,0.596848,0.78125,0.0009640746820959683,1115.68,688.5
35.78,35.78,3,114,6,0.609032,0.796875,0.598878,0.783854,0.0009628619846344453,1116.39,688.5
35.84,35.84,3,115,7,0.773078,0.6875,0.623764,0.770089,0.0009616299462493951,1093.07,688.5
35.9,35.9,3,116,8,0.64483,0.765625,0.626397,0.769531,0.0009603786184221692,1108.27,688.5
36.45,36.45,3,117,9,0.597043,0.796875,0.623136,0.772569,0.000959108053440137,1107.96,688.5
36.51,36.51,3,118,10,0.615873,0.765625,0.622409,0.771875,0.000957818304394503,1117.04,688.5
36.57,36.57,3,119,11,0.575421,0.765625,0.618138,0.771307,0.000956509425178087,1105.77,688.5
36.62,36.62,3,120,12,0.414784,0.859375,0.601192,0.778646,0.0009551814704830733,1102.62,688.5
37.19,37.19,3,121,13,0.484675,0.8125,0.592229,0.78125,0.0009538344957987244,1121.87,688.5
37.25,37.25,3,122,14,0.6679,0.71875,0.597634,0.776786,0.0009524685574090626,1103.55,688.5
37.31,37.31,3,123,15,0.70176,0.75,0.604576,0.775,0.0009510837123905189,1124.3,688.5
37.37,37.37,3,124,16,0.561824,0.8125,0.601904,0.777344,0.0009496800186095466,1080.31,688.5
38.11,38.11,3,125,17,0.729469,0.703125,0.609407,0.772978,0.0009482575347202047,1095.73,688.5
38.17,38.17,3,126,18,0.543226,0.8125,0.605731,0.775174,0.0009468163201617061,1101.86,688.5
38.22,38.22,3,127,19,0.513678,0.8125,0.600886,0.777138,0.0009453564351559347,1097.92,688.5
38.28,38.28,3,128,20,0.707471,0.734375,0.606215,0.775,0.0009438779407049281,1124.0,688.5
39.02,39.02,3,129,21,0.70137,0.71875,0.610746,0.772321,0.0009423808985883289,1100.32,688.5
39.08,39.08,3,130,22,0.641433,0.75,0.612141,0.771307,0.000940865371360804,1099.39,688.5
39.14,39.14,3,131,23,0.743961,0.703125,0.617872,0.768342,0.0009393314223494296,1097.99,688.5
39.2,39.2,3,132,24,0.782163,0.703125,0.624718,0.765625,0.0009377791156510454,1087.03,688.5
39.82,39.82,3,133,25,0.663533,0.71875,0.626271,0.76375,0.0009362085161295768,1120.64,688.5
39.88,39.88,3,134,26,0.740831,0.71875,0.630677,0.762019,0.0009346196894133239,1101.45,688.5
39.93,39.93,3,135,27,0.62117,0.78125,0.630325,0.762731,0.0009330127018922195,1103.85,688.5
39.99,39.99,3,136,28,0.706176,0.765625,0.633034,0.762835,0.0009313876207150542,1120.97,688.5
40.67,40.67,3,137,29,0.857039,0.640625,0.640758,0.758621,0.0009297445137866725,1114.39,688.5
40.73,40.73,3,138,30,0.503517,0.84375,0.636183,0.761458,0.0009280834497651332,1046.63,688.5
40.79,40.79,3,139,31,0.575702,0.734375,0.634232,0.760585,0.0009264044980588415,1101.16,688.5
40.85,40.85,3,140,32,0.605953,0.8125,0.633348,0.762207,0.0009247077288236488,1082.59,688.5
41.51,41.51,3,141,33,0.709051,0.734375,0.635642,0.761364,0.0009229932129599205,772.48,688.5
41.57,41.57,3,142,34,0.684555,0.703125,0.637081,0.759651,0.0009212610221095747,1089.3,688.5
41.63,41.63,3,143,35,0.66557,0.734375,0.637895,0.758929,0.0009195112286530874,1117.68,688.5
41.69,41.69,3,144,36,0.796964,0.625,0.642314,0.755208,0.0009177439057064682,1096.42,688.5
42.3,42.3,3,145,37,0.576345,0.765625,0.640531,0.75549,0.0009159591271182059,1092.33,688.5
42.36,42.36,3,146,38,0.652588,0.734375,0.640848,0.754934,0.0009141569674661816,1107.47,688.5
42.42,42.42,3,147,39,0.377959,0.828125,0.634107,0.756811,0.0009123375020545535,1090.14,688.5
42.48,42.48,3,148,40,0.460214,0.859375,0.62976,0.759375,0.0009105008069106094,1049.26,688.5
43.16,43.16,3,149,41,0.851395,0.734375,0.635166,0.758765,0.0009086469587815903,1108.3,688.5
43.22,43.22,3,150,42,0.618781,0.78125,0.634776,0.759301,0.0009067760351314837,1122.11,688.5
43.28,43.28,3,151,43,0.571632,0.8125,0.633307,0.760538,0.0009048881141377863,1074.36,688.5
43.34,43.34,3,152,44,0.642764,0.765625,0.633522,0.760653,0.0009029832746882371,1117.55,688.5
43.92,43.92,3,153,45,0.549406,0.78125,0.631653,0.761111,0.0009010615963775219,1091.39,688.5
43.98,43.98,3,154,46,0.52817,0.8125,0.629403,0.762228,0.0008991231595039464,1082.19,688.5
44.04,44.04,3,155,47,0.780394,0.734375,0.632616,0.761636,0.000897168045066082,1097.06,688.5
44.1,44.1,3,156,48,0.530131,0.765625,0.630481,0.761719,0.0008951963347593796,1096.55,688.5
44.66,44.66,3,157,49,0.721185,0.703125,0.632332,0.760523,0.0008932081109727582,1097.2,688.5
44.72,44.72,3,158,50,0.572447,0.8125,0.631134,0.761563,0.0008912034567851599,1084.72,688.5
44.78,44.78,3,159,51,0.61734,0.8125,0.630864,0.762561,0.00088918245596208,1122.79,688.5
44.84,44.84,3,160,52,0.739734,0.71875,0.632957,0.761719,0.0008871451929520662,1126.0,688.5
45.31,45.31,3,161,53,0.665367,0.75,0.633569,0.761498,0.0008850917528831899,1100.6,688.5
45.33,45.33,3,162,54,0.806363,1.0,0.636769,0.765914,0.000883022221559489,87.31,650.5
49.19,49.19,4,163,1,0.525479,0.84375,0.525479,0.84375,0.000880936685457383,1079.75,688.5
49.25,49.25,4,164,2,0.304126,0.90625,0.414802,0.875,0.000878835231722059,1086.27,688.5
49.31,49.31,4,165,3,0.613066,0.796875,0.48089,0.848958,0.0008767179481638303,1081.72,688.5
49.37,49.37,4,166,4,0.407035,0.859375,0.462426,0.851562,0.0008745849232544681,1080.01,688.5
50.01,50.01,4,167,5,0.433169,0.890625,0.456575,0.859375,0.000872436246123503,1097.1,688.5
50.06,50.06,4,168,6,0.41716,0.828125,0.450006,0.854167,0.0008702720065545023,1117.78,688.5
50.12,50.12,4,169,7,0.528367,0.8125,0.4612,0.848214,0.0008680922949813177,1085.9,688.5
50.18,50.18,4,170,8,0.323764,0.90625,0.444021,0.855469,0.0008658972024843061,1124.36,688.5
50.74,50.74,4,171,9,0.355331,0.890625,0.434166,0.859375,0.0008636868207865244,1113.56,688.5
50.8,50.8,4,172,10,0.346427,0.84375,0.425392,0.857812,0.0008614612422498965,1116.13,688.5
51.0,51.0,4,173,11,0.380498,0.859375,0.421311,0.857955,0.0008592205598713539,1105.89,688.5
51.05,51.05,4,174,12,0.371317,0.921875,0.417145,0.863281,0.0008569648672789496,1102.78,688.5
51.45,51.45,4,175,13,0.39028,0.859375,0.415078,0.862981,0.0008546942587279465,1108.96,688.5
51.51,51.51,4,176,14,0.352524,0.890625,0.41061,0.864955,0.0008524088290968781,1118.89,688.5
51.92,51.92,4,177,15,0.517206,0.828125,0.417717,0.8625,0.0008501086738835843,1089.73,688.5
51.98,51.98,4,178,16,0.539689,0.796875,0.42534,0.858398,0.0008477938892012209,1115.54,688.5
52.29,52.29,4,179,17,0.336327,0.921875,0.420104,0.862132,0.0008454645717742439,1089.31,688.5
52.35,52.35,4,180,18,0.440297,0.84375,0.421226,0.861111,0.0008431208189343669,1099.55,688.5
52.67,52.67,4,181,19,0.349287,0.875,0.417439,0.861842,0.0008407627286164947,1116.48,688.5
52.73,52.73,4,182,20,0.599256,0.71875,0.42653,0.854688,0.000838390399354631,1125.31,688.5
53.02,53.02,4,183,21,0.330173,0.890625,0.421942,0.856399,0.0008360039302777613,1113.5,688.5
53.08,53.08,4,184,22,0.565661,0.78125,0.428474,0.852983,0.0008336034211057098,1094.52,688.5
53.43,53.43,4,185,23,0.511081,0.84375,0.432066,0.852582,0.000831188972144974,1098.16,688.5
53.48,53.48,4,186,24,0.511313,0.84375,0.435368,0.852214,0.0008287606842845319,1122.2,688.5
53.77,53.77,4,187,25,0.552887,0.796875,0.440069,0.85,0.0008263186589916273,1119.9,688.5
53.83,53.83,4,188,26,0.246075,0.953125,0.432607,0.853966,0.0008238629983075294,1101.1,688.5
54.21,54.21,4,189,27,0.285465,0.890625,0.427158,0.855324,0.0008213938048432696,1090.81,688.5
54.27,54.27,4,190,28,0.529891,0.796875,0.430827,0.853237,0.000818911181775353,1092.53,688.5
54.63,54.63,4,191,29,0.373401,0.828125,0.428847,0.852371,0.0008164152328414475,1097.29,688.5
54.69,54.69,4,192,30,0.404937,0.859375,0.42805,0.852604,0.0008139060623360494,1063.81,688.5
54.89,54.89,4,193,31,0.513175,0.78125,0.430796,0.850302,0.0008113837751061246,1108.48,688.5
54.95,54.95,4,194,32,0.319715,0.875,0.427324,0.851074,0.0008088484765467285,1115.57,688.5
55.43,55.43,4,195,33,0.36165,0.90625,0.425334,0.852746,0.0008063002725966015,1107.71,688.5
55.52,55.52,4,196,34,0.478,0.828125,0.426883,0.852022,0.0008037392697337418,1097.28,688.5
55.74,55.74,4,197,35,0.445507,0.8125,0.427415,0.850893,0.0008011655749709574,1101.35,688.5
55.8,55.8,4,198,36,0.407391,0.84375,0.426859,0.850694,0.0007985792958513931,1122.77,688.5
56.04,56.04,4,199,37,0.38403,0.859375,0.425701,0.850929,0.000795980540444038,1112.41,688.5
56.33,56.33,4,200,38,0.356068,0.90625,0.423869,0.852385,0.000793369417339209,1123.32,688.5
56.45,56.45,4,201,39,0.451985,0.875,0.42459,0.852965,0.0007907460356440134,1084.65,688.5
56.51,56.51,4,202,40,0.362826,0.84375,0.423046,0.852734,0.0007881105049777901,1094.22,688.5
56.85,56.85,4,203,41,0.483915,0.828125,0.42453,0.852134,0.0007854629354675291,1101.4,688.5
56.99,56.99,4,204,42,0.550916,0.859375,0.42754,0.852307,0.0007828034377432694,1115.18,688.5
57.17,57.17,4,205,43,0.238727,0.921875,0.423149,0.853924,0.0007801321229334763,1087.7,688.5
57.23,57.23,4,206,44,0.324871,0.921875,0.420915,0.855469,0.0007774491026603985,1124.0,688.5
57.65,57.65,4,207,45,0.444559,0.828125,0.42144,0.854861,0.000774754489035403,1099.3,688.5
57.91,57.91,4,208,46,0.519915,0.859375,0.423581,0.854959,0.0007720483946542913,1091.94,688.5
57.96,57.96,4,209,47,0.453167,0.890625,0.424211,0.855718,0.0007693309325925939,1101.5,688.5
58.02,58.02,4,210,48,0.528337,0.828125,0.42638,0.855143,0.0007666022164008457,1095.71,688.5
58.47,58.47,4,211,49,0.5092,0.875,0.42807,0.855548,0.0007638623600998409,1122.95,688.5
58.81,58.81,4,212,50,0.381076,0.875,0.42713,0.855938,0.0007611114781758692,1126.84,688.5
58.87,58.87,4,213,51,0.39127,0.828125,0.426427,0.855392,0.0007583496855759315,1099.78,688.5
58.93,58.93,4,214,52,0.613971,0.75,0.430034,0.853365,0.0007555770977029366,1118.73,688.5
59.13,59.13,4,215,53,0.502211,0.78125,0.431396,0.852005,0.0007527938304108795,1088.09,688.5
59.14,59.14,4,216,54,0.001548,1.0,0.423436,0.854745,0.00075,92.23,650.5
62.98,62.98,5,217,1,0.337563,0.890625,0.337563,0.890625,0.0007471957232119234,1111.05,688.5
63.03,63.03,5,218,2,0.325061,0.9375,0.331312,0.914062,0.0007443811172247821,1103.85,688.5
63.09,63.09,5,219,3,0.307513,0.890625,0.323379,0.90625,0.0007415562996483193,1104.31,688.5
63.15,63.15,5,220,4,0.124039,0.984375,0.273544,0.925781,0.0007387213885189745,1108.1,688.5
63.87,63.87,5,221,5,0.252863,0.90625,0.269408,0.921875,0.0007358765022949518,1104.66,688.5
63.92,63.92,5,222,6,0.322828,0.90625,0.278311,0.919271,0.0007330217598512695,1095.43,688.5
63.98,63.98,5,223,7,0.294442,0.90625,0.280616,0.917411,0.0007301572804747929,1118.4,688.5
64.04,64.04,5,224,8,0.272873,0.890625,0.279648,0.914062,0.0007272831838592503,1070.4,688.5
64.53,64.53,5,225,9,0.199838,0.9375,0.27078,0.916667,0.0007243995901002312,1098.44,688.5
64.59,64.59,5,226,10,0.299271,0.890625,0.273629,0.914062,0.0007215066196901676,1076.84,688.5
64.65,64.65,5,227,11,0.182544,0.953125,0.265349,0.917614,0.0007186043935133005,1087.01,688.5
64.71,64.71,5,228,12,0.148584,0.953125,0.255618,0.920573,0.0007156930328406268,1083.01,688.5
65.37,65.37,5,229,13,0.275432,0.921875,0.257142,0.920673,0.0007127726593248337,1105.88,688.5
65.43,65.43,5,230,14,0.184914,0.953125,0.251983,0.922991,0.0007098433949952145,1110.31,688.5
65.49,65.49,5,231,15,0.301522,0.890625,0.255286,0.920833,0.0007069053622525696,1087.48,688.5
65.54,65.54,5,232,16,0.198032,0.921875,0.251707,0.920898,0.0007039586838640917,1118.12,688.5
66.15,66.15,5,233,17,0.206455,0.9375,0.249046,0.921875,0.000701003482958237,1115.86,688.5
66.21,66.21,5,234,18,0.21902,0.953125,0.247377,0.923611,0.0006980398830195785,1117.51,688.5
66.27,66.27,5,235,19,0.161683,0.953125,0.242867,0.925164,0.0006950680078836475,1115.4,688.5
66.33,66.33,5,236,20,0.257479,0.890625,0.243598,0.923438,0.0006920879817317588,1065.96,688.5
66.9,66.9,5,237,21,0.311922,0.875,0.246851,0.921131,0.0006890999290858213,1070.12,688.5
66.96,66.96,5,238,22,0.233325,0.921875,0.246237,0.921165,0.000686103974803135,1118.85,688.5
67.02,67.02,5,239,23,0.126793,0.96875,0.241043,0.923234,0.000683100244071174,1095.41,688.5
67.08,67.08,5,240,24,0.257883,0.921875,0.241745,0.923177,0.0006800888624023553,1120.63,688.5
67.72,67.72,5,241,25,0.421395,0.859375,0.248931,0.920625,0.0006770699556287938,1118.85,688.5
67.77,67.77,5,242,26,0.161604,0.96875,0.245572,0.922476,0.0006740436498970453,1105.98,688.5
67.83,67.83,5,243,27,0.123027,0.96875,0.241034,0.92419,0.0006710100716628344,1114.58,688.5
67.89,67.89,5,244,28,0.205768,0.921875,0.239774,0.924107,0.0006679693476857712,1122.04,688.5
68.36,68.36,5,245,29,0.246179,0.921875,0.239995,0.92403,0.0006649216050240538,1090.96,688.5
68.41,68.41,5,246,30,0.227656,0.9375,0.239584,0.924479,0.0006618669710291606,1112.7,688.5
68.47,68.47,5,247,31,0.223525,0.9375,0.239066,0.924899,0.0006588055733405266,1096.04,688.5
68.53,68.53,5,248,32,0.181885,0.921875,0.237279,0.924805,0.0006557375398802124,1123.27,688.5
69.09,69.09,5,249,33,0.244631,0.921875,0.237501,0.924716,0.0006526629988475567,1056.17,688.5
69.15,69.15,5,250,34,0.237642,0.96875,0.237506,0.926011,0.0006495820787138209,1096.22,688.5
69.42,69.42,5,251,35,0.298005,0.90625,0.239234,0.925446,0.0006464949082168203,1077.34,688.5
69.48,69.48,5,252,36,0.256653,0.9375,0.239718,0.925781,0.0006434016163555452,1082.86,688.5
69.92,69.92,5,253,37,0.213192,0.921875,0.239001,0.925676,0.0006403023323847694,1088.33,688.5
69.98,69.98,5,254,38,0.324931,0.921875,0.241262,0.925576,0.0006371971858096508,1116.88,688.5
70.16,70.16,5,255,39,0.26773,0.9375,0.241941,0.925881,0.0006340863063803188,1076.18,688.5
70.21,70.21,5,256,40,0.332013,0.90625,0.244193,0.925391,0.0006309698240864529,1122.59,688.5
70.95,70.95,5,257,41,0.231352,0.953125,0.24388,0.926067,0.0006278478691518519,1107.86,688.5
71.01,71.01,5,258,42,0.182427,0.921875,0.242417,0.925967,0.0006247205720289907,1095.33,688.5
71.07,71.07,5,259,43,0.183918,0.890625,0.241056,0.925145,0.0006215880633935708,1109.96,688.5
71.13,71.13,5,260,44,0.227871,0.9375,0.240756,0.925426,0.0006184504741390595,1024.61,688.5
71.72,71.72,5,261,45,0.186452,0.9375,0.23955,0.925694,0.0006153079353712201,1013.87,688.5
71.77,71.77,5,262,46,0.222606,0.9375,0.239181,0.925951,0.0006121605784026339,1121.53,688.5
71.83,71.83,5,263,47,0.244263,0.90625,0.239289,0.925532,0.000609008534747213,1094.62,688.5
71.89,71.89,5,264,48,0.303974,0.9375,0.240637,0.925781,0.0006058519361147054,1102.26,688.5
72.51,72.51,5,265,49,0.340611,0.875,0.242677,0.924745,0.000602690914405191,1118.44,688.5
72.57,72.57,5,266,50,0.213499,0.921875,0.242094,0.924687,0.0005995256017035703,1102.86,688.5
72.63,72.63,5,267,51,0.353255,0.875,0.244273,0.923713,0.0005963561302740448,1118.23,688.5
72.69,72.69,5,268,52,0.132739,0.96875,0.242128,0.924579,0.0005931826325545911,1106.26,688.5
73.27,73.27,5,269,53,0.24741,0.96875,0.242228,0.925413,0.0005900052411514258,1091.74,688.5
73.28,73.28,5,270,54,0.001558,1.0,0.237771,0.926794,0.0005868240888334653,88.01,650.5
76.89,76.89,6,271,1,0.121121,0.96875,0.121121,0.96875,0.0005836393085267776,1098.66,688.5
76.97,76.97,6,272,2,0.122194,0.96875,0.121657,0.96875,0.0005804510333090287,1088.14,688.5
77.03,77.03,6,273,3,0.119909,0.953125,0.121075,0.963542,0.0005772593964039203,1121.51,688.5
77.08,77.08,6,274,4,0.090947,0.984375,0.113543,0.96875,0.0005740645311756245,1098.7,688.5
77.62,77.62,6,275,5,0.08587,0.984375,0.108008,0.971875,0.0005708665711232103,1119.98,688.5
77.8,77.8,6,276,6,0.071866,0.984375,0.101985,0.973958,0.0005676656498750656,1108.69,688.5
77.85,77.85,6,277,7,0.08738,0.96875,0.099898,0.973214,0.0005644619011833133,1104.49,688.5
77.91,77.91,6,278,8,0.108387,0.96875,0.100959,0.972656,0.0005612554589182227,1120.97,688.5
78.37,78.37,6,279,9,0.065441,1.0,0.097013,0.975694,0.0005580464570626152,1122.89,688.5
78.63,78.63,6,280,10,0.069106,0.984375,0.094222,0.976562,0.0005548350297062658,1119.73,688.5
78.69,78.69,6,281,11,0.079121,0.96875,0.092849,0.975852,0.0005516213110403009,1122.7,688.5
78.75,78.75,6,282,12,0.069383,1.0,0.090894,0.977865,0.0005484054353515896,1118.61,688.5
79.2,79.2,6,283,13,0.071703,1.0,0.089418,0.979567,0.000545187537017134,1098.03,688.5
79.59,79.59,6,284,14,0.086783,0.96875,0.089229,0.978795,0.0005419677504984534,1088.4,688.5
79.65,79.65,6,285,15,0.117595,0.984375,0.09112,0.979167,0.0005387462103359655,1102.4,688.5
79.71,79.71,6,286,16,0.062138,0.984375,0.089309,0.979492,0.000535523051143365,1113.64,688.5
79.97,79.97,6,287,17,0.05849,1.0,0.087496,0.980699,0.000532298407601999,1101.59,688.5
80.38,80.38,6,288,18,0.112621,0.96875,0.088892,0.980035,0.0005290724144552379,1123.96,688.5
80.44,80.44,6,289,19,0.08927,0.984375,0.088912,0.980263,0.0005258452065028473,1100.6,688.5
80.5,80.5,6,290,20,0.082028,0.96875,0.088568,0.979688,0.0005226169185953532,1122.13,688.5
80.78,80.78,6,291,21,0.074625,1.0,0.087904,0.980655,0.0005193876856284084,1121.59,688.5
81.06,81.06,6,292,22,0.092393,0.953125,0.088108,0.979403,0.0005161576425371554,1095.41,688.5
81.11,81.11,6,293,23,0.130237,0.953125,0.089939,0.978261,0.0005129269242905882,1123.25,688.5
81.17,81.17,6,294,24,0.155736,0.953125,0.092681,0.977214,0.0005096956658859122,1100.56,688.5
81.46,81.46,6,295,25,0.25402,0.9375,0.099135,0.975625,0.0005064640023429043,1113.08,688.5
81.81,81.81,6,296,26,0.113223,0.96875,0.099676,0.975361,0.0005032320686982697,1124.19,688.5
81.87,81.87,6,297,27,0.086745,0.96875,0.099197,0.975116,0.0005,1103.19,688.5
81.93,81.93,6,298,28,0.12682,0.96875,0.100184,0.974888,0.0004967679313017304,1117.81,688.5
82.17,82.17,6,299,29,0.128665,0.953125,0.101166,0.974138,0.0004935359976570958,1108.38,688.5
82.54,82.54,6,300,30,0.104009,0.984375,0.101261,0.974479,0.0004903043341140879,1114.5,688.5
82.69,82.69,6,301,31,0.071058,0.984375,0.100287,0.974798,0.0004870730757094121,1096.44,688.5
82.75,82.75,6,302,32,0.10343,0.953125,0.100385,0.974121,0.0004838423574628447,1089.65,688.5
83.05,83.05,6,303,33,0.110972,0.984375,0.100706,0.974432,0.0004806123143715916,1103.71,688.5
83.37,83.37,6,304,34,0.111393,0.984375,0.10102,0.974724,0.00047738308140464686,1091.52,688.5
83.47,83.47,6,305,35,0.078227,1.0,0.100369,0.975446,0.0004741547934971527,1090.64,688.5
83.53,83.53,6,306,36,0.181751,0.9375,0.102629,0.974392,0.0004709275855447621,1110.4,688.5
83.77,83.77,6,307,37,0.087055,0.984375,0.102208,0.974662,0.00046770159239800115,1103.66,688.5
84.18,84.18,6,308,38,0.040477,1.0,0.100584,0.975329,0.0004644769488566351,1081.0,688.5
84.26,84.26,6,309,39,0.051935,0.984375,0.099337,0.975561,0.0004612537896640346,1100.47,688.5
84.32,84.32,6,310,40,0.035109,1.0,0.097731,0.976172,0.0004580322495015465,1076.27,688.5
84.59,84.59,6,311,41,0.043705,1.0,0.096413,0.976753,0.00045481246298286604,1123.13,688.5
84.98,84.98,6,312,42,0.099684,0.953125,0.096491,0.97619,0.0004515945646484105,1106.96,688.5
85.13,85.13,6,313,43,0.071197,0.984375,0.095903,0.976381,0.00044837868895969933,1107.86,688.5
85.19,85.19,6,314,44,0.095741,0.953125,0.095899,0.975852,0.0004451649702937342,1124.11,688.5
85.5,85.5,6,315,45,0.090586,0.96875,0.095781,0.975694,0.0004419535429373848,1088.01,688.5
85.93,85.93,6,316,46,0.103698,0.953125,0.095953,0.975204,0.00043874454108177734,1108.29,688.5
85.99,85.99,6,317,47,0.16057,0.96875,0.097328,0.975066,0.0004355380988166867,1095.29,688.5
86.05,86.05,6,318,48,0.070918,0.984375,0.096778,0.97526,0.0004323343501249346,1119.42,688.5
86.3,86.3,6,319,49,0.108324,0.96875,0.097013,0.975128,0.0004291334288767899,1119.1,688.5
86.78,86.78,6,320,50,0.103419,0.96875,0.097141,0.975,0.0004259354688243757,1127.64,688.5
86.84,86.84,6,321,51,0.045888,1.0,0.096137,0.97549,0.0004227406035960798,1099.51,688.5
86.89,86.89,6,322,52,0.073747,0.984375,0.095706,0.975661,0.0004195489666909713,1103.46,688.5
86.95,86.95,6,323,53,0.159538,0.921875,0.09691,0.974646,0.00041636069147322244,1087.66,688.5
86.97,86.97,6,324,54,0.023821,1.0,0.095557,0.975116,0.00041317591116653486,90.76,650.5
90.61,90.61,7,325,1,0.057432,0.984375,0.057432,0.984375,0.0004099947588485744,1001.54,688.5
90.67,90.67,7,326,2,0.104921,0.984375,0.081177,0.984375,0.00040681736744540897,1093.16,688.5
90.73,90.73,7,327,3,0.030777,1.0,0.064377,0.989583,0.00040364386972595507,1121.05,688.5
90.79,90.79,7,328,4,0.042158,0.984375,0.058822,0.988281,0.0004004743982964298,1090.53,688.5
91.47,91.47,7,329,5,0.115433,0.984375,0.070144,0.9875,0.000397309085594809,1106.28,688.5
91.53,91.53,7,330,6,0.032238,1.0,0.063827,0.989583,0.00039414806388529477,1111.13,688.5
91.58,91.58,7,331,7,0.03285,1.0,0.059401,0.991071,0.0003909914652527871,1122.27,688.5
91.64,91.64,7,332,8,0.04765,1.0,0.057932,0.992188,0.0003878394215973663,1118.02,688.5
92.37,92.37,7,333,9,0.029302,1.0,0.054751,0.993056,0.00038469206462877993,1115.89,688.5
92.42,92.42,7,334,10,0.032232,0.984375,0.052499,0.992188,0.00038154952586094037,1117.35,688.5
92.48,92.48,7,335,11,0.035205,1.0,0.050927,0.992898,0.00037841193660642923,1093.37,688.5
92.54,92.54,7,336,12,0.016702,1.0,0.048075,0.99349,0.0003752794279710094,1114.85,688.5
93.28,93.28,7,337,13,0.021673,1.0,0.046044,0.99399,0.00037215213084814823,1092.29,688.5
93.35,93.35,7,338,14,0.022686,1.0,0.044376,0.99442,0.00036903017591354703,1069.02,688.5
93.4,93.4,7,339,15,0.04204,1.0,0.04422,0.994792,0.00036591369361968127,1108.75,688.5
93.46,93.46,7,340,16,0.047128,1.0,0.044402,0.995117,0.0003628028141903493,1099.65,688.5
93.96,93.96,7,341,17,0.016973,1.0,0.042788,0.995404,0.0003596976676152306,1119.74,688.5
94.02,94.02,7,342,18,0.018211,1.0,0.041423,0.99566,0.00035659838364445503,1084.26,688.5
94.08,94.08,7,343,19,0.02826,1.0,0.04073,0.995888,0.0003535050917831797,1083.01,688.5
94.13,94.13,7,344,20,0.031333,1.0,0.04026,0.996094,0.0003504179212861793,1086.05,688.5
94.79,94.79,7,345,21,0.019199,1.0,0.039257,0.99628,0.0003473370011524435,1097.96,688.5
94.85,94.85,7,346,22,0.030457,1.0,0.038857,0.996449,0.00034426246011978767,1094.46,688.5
94.91,94.91,7,347,23,0.015291,1.0,0.037833,0.996603,0.00034119442665947344,1103.3,688.5
94.97,94.97,7,348,24,0.018689,1.0,0.037035,0.996745,0.0003381330289708395,1107.59,688.5
95.48,95.48,7,349,25,0.011005,1.0,0.035994,0.996875,0.00033507839497594615,1095.27,688.5
95.54,95.54,7,350,26,0.017375,1.0,0.035278,0.996995,0.00033203065231422903,1119.63,688.5
95.73,95.73,7,351,27,0.016741,1.0,0.034591,0.997106,0.0003289899283371657,1111.34,688.5
95.78,95.78,7,352,28,0.018942,1.0,0.034032,0.99721,0.0003259563501029548,1114.9,688.5
96.38,96.38,7,353,29,0.02249,1.0,0.033634,0.997306,0.0003229300443712062,1117.56,688.5
96.44,96.44,7,354,30,0.018281,1.0,0.033123,0.997396,0.0003199111375976449,1100.89,688.5
96.54,96.54,7,355,31,0.024816,1.0,0.032855,0.99748,0.00031689975592882603,1098.71,688.5
96.6,96.6,7,356,32,0.026407,1.0,0.032653,0.997559,0.00031389602519686513,1124.28,688.5
97.28,97.28,7,357,33,0.015028,1.0,0.032119,0.997633,0.00031090007091417885,1098.46,688.5
97.33,97.33,7,358,34,0.024188,1.0,0.031886,0.997702,0.00030791201826824117,1090.94,688.5
97.39,97.39,7,359,35,0.026649,1.0,0.031736,0.997768,0.0003049319921163526,1121.09,688.5
97.45,97.45,7,360,36,0.014727,1.0,0.031264,0.99783,0.0003019601169804216,1115.68,688.5
98.02,98.02,7,361,37,0.040188,0.984375,0.031505,0.997466,0.00029899651704176324,1096.34,688.5
98.08,98.08,7,362,38,0.097538,0.984375,0.033243,0.997122,0.00029604131613590823,1124.5,688.5
98.13,98.13,7,363,39,0.012157,1.0,0.032702,0.997196,0.0002930946377474304,1101.14,688.5
98.19,98.19,7,364,40,0.015357,1.0,0.032268,0.997266,0.0002901566050047855,1086.94,688.5
98.79,98.79,7,365,41,0.015985,1.0,0.031871,0.997332,0.0002872273406751664,1111.33,688.5
98.85,98.85,7,366,42,0.018686,1.0,0.031557,0.997396,0.0002843069671593734,1109.57,688.5
98.91,98.91,7,367,43,0.018584,1.0,0.031255,0.997456,0.0002813956064866996,1107.16,688.5
98.97,98.97,7,368,44,0.007512,1.0,0.030716,0.997514,0.00027849338030983255,1080.71,688.5
99.51,99.51,7,369,45,0.018136,1.0,0.030436,0.997569,0.00027560040989976894,1080.81,688.5
99.57,99.57,7,370,46,0.031252,0.984375,0.030454,0.997283,0.0002727168161407497,1091.07,688.5
99.72,99.72,7,371,47,0.024795,1.0,0.030334,0.99734,0.0002698427195252072,1100.94,688.5
99.78,99.78,7,372,48,0.012798,1.0,0.029968,0.997396,0.0002669782401487307,1095.26,688.5
100.33,100.33,7,373,49,0.020858,1.0,0.029782,0.997449,0.0002641234977050484,1123.9,688.5
100.39,100.39,7,374,50,0.027154,1.0,0.02973,0.9975,0.00026127861148102547,1099.02,688.5
100.46,100.46,7,375,51,0.043228,0.984375,0.029994,0.997243,0.00025844370035168075,1124.92,688.5
100.52,100.52,7,376,52,0.058034,0.984375,0.030534,0.996995,0.00025561888277521793,1082.98,688.5
100.99,100.99,7,377,53,0.030299,1.0,0.030529,0.997052,0.0002528042767880766,1120.31,688.5
101.01,101.01,7,378,54,0.009786,1.0,0.030145,0.997106,0.0002500000000000001,86.78,650.5
104.59,104.59,8,379,1,0.008325,1.0,0.008325,1.0,0.0002472061695891205,1095.37,688.5
104.7,104.7,8,380,2,0.008624,1.0,0.008475,1.0,0.00024442290229706345,1080.38,688.5
104.86,104.86,8,381,3,0.008421,1.0,0.008457,1.0,0.00024165031442406853,1094.18,688.5
104.91,104.91,8,382,4,0.01017,1.0,0.008885,1.0,0.00023888852182413084,1117.63,688.5
105.36,105.36,8,383,5,0.040218,0.984375,0.015152,0.996875,0.00023613763990015918,1125.38,688.5
105.54,105.54,8,384,6,0.007171,1.0,0.013822,0.997396,0.0002333977835991545,1092.43,688.5
105.61,105.61,8,385,7,0.005611,1.0,0.012649,0.997768,0.00023066906740740623,1105.74,688.5
105.69,105.69,8,386,8,0.008735,1.0,0.012159,0.998047,0.00022795160534570865,1099.41,688.5
106.12,106.12,8,387,9,0.00731,1.0,0.01162,0.998264,0.000225245510964597,1115.56,688.5
106.28,106.28,8,388,10,0.022643,0.984375,0.012723,0.996875,0.0002225508973396016,1093.51,688.5
106.39,106.39,8,389,11,0.008747,1.0,0.012361,0.997159,0.0002198678770665238,1091.55,688.5
106.55,106.55,8,390,12,0.005028,1.0,0.01175,0.997396,0.0002171965622567308,1116.21,688.5
106.84,106.84,8,391,13,0.005285,1.0,0.011253,0.997596,0.00021453706453247086,1112.93,688.5
107.03,107.03,8,392,14,0.007309,1.0,0.010971,0.997768,0.00021188949502220985,1115.59,688.5
107.2,107.2,8,393,15,0.016942,1.0,0.011369,0.997917,0.00020925396435598665,1117.6,688.5
107.35,107.35,8,394,16,0.008233,1.0,0.011173,0.998047,0.0002066305826607911,1101.41,688.5
107.59,107.59,8,395,17,0.006115,1.0,0.010876,0.998162,0.00020401945955596208,1094.99,688.5
107.79,107.79,8,396,18,0.004185,1.0,0.010504,0.998264,0.00020142070414860702,1115.76,688.5
107.96,107.96,8,397,19,0.006781,1.0,0.010308,0.998355,0.0001988344250290428,1090.24,688.5
108.09,108.09,8,398,20,0.006569,1.0,0.010121,0.998437,0.00019626073026625818,1106.63,688.5
108.4,108.4,8,399,21,0.016637,0.984375,0.010431,0.997768,0.00019369972740339859,1107.53,688.5
108.58,108.58,8,400,22,0.00644,1.0,0.01025,0.997869,0.00019115152345327153,1115.07,688.5
108.64,108.64,8,401,23,0.008124,1.0,0.010157,0.997962,0.00018861622489387553,1105.72,688.5
108.95,108.95,8,402,24,0.011056,1.0,0.010195,0.998047,0.00018609393766395082,1118.29,688.5
109.24,109.24,8,403,25,0.006881,1.0,0.010062,0.998125,0.0001835847671585526,1086.62,688.5
109.33,109.33,8,404,26,0.009129,1.0,0.010026,0.998197,0.00018108881822464696,1078.96,688.5
109.39,109.39,8,405,27,0.00775,1.0,0.009942,0.998264,0.0001786061951567303,1066.0,688.5
109.7,109.7,8,406,28,0.009963,1.0,0.009943,0.998326,0.00017613700169247056,1119.45,688.5
110.02,110.02,8,407,29,0.005012,1.0,0.009773,0.998384,0.00017368134100837285,1094.49,688.5
110.1,110.1,8,408,30,0.006067,1.0,0.009649,0.998437,0.00017123931571546826,1099.47,688.5
110.31,110.31,8,409,31,0.005881,1.0,0.009528,0.998488,0.00016881102785502617,1121.92,688.5
110.53,110.53,8,410,32,0.00475,1.0,0.009378,0.998535,0.00016639657889429017,1113.42,688.5
110.68,110.68,8,411,33,0.00589,1.0,0.009273,0.99858,0.0001639960697222388,1091.43,688.5
110.93,110.93,8,412,34,0.005133,1.0,0.009151,0.998621,0.00016160960064536906,1087.46,688.5
111.22,111.22,8,413,35,0.006756,1.0,0.009083,0.998661,0.00015923727138350546,1117.21,688.5
111.51,111.51,8,414,36,0.073052,0.984375,0.010859,0.998264,0.00015687918106563326,1124.67,688.5
111.57,111.57,8,415,37,0.004276,1.0,0.010682,0.998311,0.00015453542822575623,1100.79,688.5
111.8,111.8,8,416,38,0.006235,1.0,0.010565,0.998355,0.000152206110798779,1119.88,688.5
112.01,112.01,8,417,39,0.004395,1.0,0.010406,0.998397,0.00014989132611641575,1084.53,688.5
112.33,112.33,8,418,40,0.037399,0.984375,0.011081,0.998047,0.00014759117090312195,1115.84,688.5
112.39,112.39,8,419,41,0.004632,1.0,0.010924,0.998095,0.0001453057412720536,1091.88,688.5
112.58,112.58,8,420,42,0.00472,1.0,0.010776,0.99814,0.00014303513272105056,1121.42,688.5
112.67,112.67,8,421,43,0.004051,1.0,0.01062,0.998183,0.00014077944012864634,1120.02,688.5
113.17,113.17,8,422,44,0.00667,1.0,0.01053,0.998224,0.00013853875775010356,1122.48,688.5
113.23,113.23,8,423,45,0.016386,1.0,0.01066,0.998264,0.00013631317921347562,1123.93,688.5
113.29,113.29,8,424,46,0.006787,1.0,0.010576,0.998302,0.00013410279751569399,1122.87,688.5
113.52,113.52,8,425,47,0.004991,1.0,0.010457,0.998338,0.00013190770501868244,1115.38,688.5
113.93,113.93,8,426,48,0.005307,1.0,0.01035,0.998372,0.0001297279934454978,1118.79,688.5
113.99,113.99,8,427,49,0.00299,1.0,0.0102,0.998406,0.00012756375387649717,1118.76,688.5
114.05,114.05,8,428,50,0.00261,1.0,0.010048,0.998437,0.000125415076745532,1094.1,688.5
114.18,114.18,8,429,51,0.006537,1.0,0.009979,0.998468,0.00012328205183616964,1101.48,688.5
114.66,114.66,8,430,52,0.002659,1.0,0.009838,0.998498,0.00012116476827794104,1099.19,688.5
114.71,114.71,8,431,53,0.005403,1.0,0.009755,0.998526,0.00011906331454261705,1104.37,688.5
114.73,114.73,8,432,54,0.002136,1.0,0.009613,0.998553,0.00011697777844051105,89.02,650.5
118.39,118.39,9,433,1,0.002176,1.0,0.002176,1.0,0.00011490824711681026,1035.11,688.5
118.62,118.62,9,434,2,0.004445,1.0,0.003311,1.0,0.00011285480704793377,1098.97,688.5
118.68,118.68,9,435,3,0.004968,1.0,0.003863,1.0,0.00011081754403792,1121.02,688.5
118.73,118.73,9,436,4,0.003872,1.0,0.003865,1.0,0.00010879654321484011,1099.82,688.5
119.07,119.07,9,437,5,0.003311,1.0,0.003754,1.0,0.00010679188902724191,1093.04,688.5
119.39,119.39,9,438,6,0.005628,1.0,0.004067,1.0,0.00010480366524062041,1081.86,688.5
119.45,119.45,9,439,7,0.00395,1.0,0.00405,1.0,0.00010283195493391823,1089.6,688.5
119.51,119.51,9,440,8,0.017335,0.984375,0.005711,0.998047,0.00010087684049605351,1077.85,688.5
119.77,119.77,9,441,9,0.003931,1.0,0.005513,0.998264,9.893840362247809e-05,1117.75,688.5
120.21,120.21,9,442,10,0.00436,1.0,0.005398,0.998437,9.701672531176286e-05,1095.97,688.5
120.26,120.26,9,443,11,0.002492,1.0,0.005133,0.99858,9.511188586221375e-05,1110.53,688.5
120.32,120.32,9,444,12,0.00422,1.0,0.005057,0.998698,9.322396486851626e-05,1092.81,688.5
120.57,120.57,9,445,13,0.004335,1.0,0.005002,0.998798,9.135304121840977e-05,1096.38,688.5
120.97,120.97,9,446,14,0.00463,1.0,0.004975,0.998884,8.949919308939081e-05,1116.45,688.5
121.03,121.03,9,447,15,0.005767,1.0,0.005028,0.998958,8.766249794544662e-05,1099.9,688.5
121.09,121.09,9,448,16,0.004172,1.0,0.004974,0.999023,8.584303253381848e-05,1109.69,688.5
121.52,121.52,9,449,17,0.003837,1.0,0.004908,0.999081,8.404087288179424e-05,1082.76,688.5
121.61,121.61,9,450,18,0.003295,1.0,0.004818,0.999132,8.225609429353187e-05,1095.87,688.5
121.91,121.91,9,451,19,0.002424,1.0,0.004692,0.999178,8.048877134691269e-05,1122.61,688.5
121.97,121.97,9,452,20,0.001972,1.0,0.004556,0.999219,7.873897789042523e-05,1091.95,688.5
122.34,122.34,9,453,21,0.002122,1.0,0.00444,0.999256,7.700678704007946e-05,1089.86,688.5
122.41,122.41,9,454,22,0.006867,1.0,0.00455,0.99929,7.529227117635135e-05,1120.73,688.5
122.53,122.53,9,455,23,0.002294,1.0,0.004452,0.999321,7.35955019411585e-05,1106.69,688.5
122.59,122.59,9,456,24,0.004018,1.0,0.004434,0.999349,7.191655023486682e-05,1098.38,688.5
123.16,123.16,9,457,25,0.004142,1.0,0.004422,0.999375,7.02554862133275e-05,1110.71,688.5
123.21,123.21,9,458,26,0.002756,1.0,0.004358,0.999399,6.861237928494579e-05,1121.3,688.5
123.35,123.35,9,459,27,0.00346,1.0,0.004325,0.999421,6.698729810778065e-05,1116.35,688.5
123.41,123.41,9,460,28,0.005576,1.0,0.00437,0.999442,6.538031058667609e-05,1102.7,688.5
123.86,123.86,9,461,29,0.004322,1.0,0.004368,0.999461,6.379148387042317e-05,1123.27,688.5
123.94,123.94,9,462,30,0.002957,1.0,0.004321,0.999479,6.222088434895462e-05,1090.88,688.5
124.17,124.17,9,463,31,0.002097,1.0,0.004249,0.999496,6.066857765057055e-05,1077.85,688.5
124.23,124.23,9,464,32,0.002376,1.0,0.004191,0.999512,5.9134628639195996e-05,1076.08,688.5
124.66,124.66,9,465,33,0.002432,1.0,0.004138,0.999527,5.761910141167109e-05,1070.38,688.5
124.72,124.72,9,466,34,0.004178,1.0,0.004139,0.99954,5.612205929507208e-05,1099.87,688.5
124.86,124.86,9,467,35,0.002346,1.0,0.004087,0.999554,5.464356484406535e-05,1075.98,688.5
124.92,124.92,9,468,36,0.005084,1.0,0.004115,0.999566,5.318367983829392e-05,1106.78,688.5
125.38,125.38,9,469,37,0.005376,1.0,0.004149,0.999578,5.174246527979532e-05,1121.04,688.5
125.46,125.46,9,470,38,0.004662,1.0,0.004163,0.999589,5.031998139045352e-05,1120.4,688.5
125.69,125.69,9,471,39,0.003005,1.0,0.004133,0.999599,4.8916287609481137e-05,1104.88,688.5
125.75,125.75,9,472,40,0.003463,1.0,0.004116,0.999609,4.753144259093733e-05,1119.9,688.5
126.16,126.16,9,473,41,0.00285,1.0,0.004085,0.999619,4.616550420127563e-05,1112.62,688.5
126.22,126.22,9,474,42,0.002325,1.0,0.004044,0.999628,4.481852951692672e-05,1117.57,688.5
126.47,126.47,9,475,43,0.002727,1.0,0.004013,0.999637,4.349057482191299e-05,1115.44,688.5
126.53,126.53,9,476,44,0.002451,1.0,0.003977,0.999645,4.218169560549706e-05,1097.93,688.5
126.99,126.99,9,477,45,0.002997,1.0,0.003956,0.999653,4.0891946559863055e-05,1116.52,688.5
127.05,127.05,9,478,46,0.00297,1.0,0.003934,0.99966,3.962138157783085e-05,1106.53,688.5
127.21,127.21,9,479,47,0.002941,1.0,0.003913,0.999668,3.837005375060482e-05,1115.4,688.5
127.27,127.27,9,480,48,0.055276,0.984375,0.004983,0.999349,3.713801536555483e-05,1098.05,688.5
127.75,127.75,9,481,49,0.004143,1.0,0.004966,0.999362,3.592531790403158e-05,1100.49,688.5
127.81,127.81,9,482,50,0.002417,1.0,0.004915,0.999375,3.4732012039215774e-05,1124.07,688.5
127.98,127.98,9,483,51,0.002973,1.0,0.004877,0.999387,3.3558147633999724e-05,1103.47,688.5
128.04,128.04,9,484,52,0.004662,1.0,0.004873,0.999399,3.240377373890518e-05,1122.44,688.5
128.47,128.47,9,485,53,0.003657,1.0,0.00485,0.99941,3.126893859003249e-05,1105.15,688.5
128.48,128.48,9,486,54,0.002481,1.0,0.004806,0.999421,3.0153689607045842e-05,91.82,650.5
132.13,132.13,10,487,1,0.002919,1.0,0.002919,1.0,2.9058073391191374e-05,1118.65,688.5
132.28,132.28,10,488,2,0.002853,1.0,0.002886,1.0,2.798213572335001e-05,1089.38,688.5
132.33,132.33,10,489,3,0.003523,1.0,0.003098,1.0,2.6925921562124867e-05,1115.17,688.5
132.39,132.39,10,490,4,0.002975,1.0,0.003067,1.0,2.5889475041961763e-05,1116.45,688.5
132.86,132.86,10,491,5,0.002614,1.0,0.002977,1.0,2.4872839471306086e-05,1111.59,688.5
132.97,132.97,10,492,6,0.004202,1.0,0.003181,1.0,2.3876057330792345e-05,1099.24,688.5
133.03,133.03,10,493,7,0.003344,1.0,0.003204,1.0,2.289917027146943e-05,1098.21,688.5
133.09,133.09,10,494,8,0.002677,1.0,0.003138,1.0,2.1942219113060213e-05,1109.35,688.5
133.6,133.6,10,495,9,0.004225,1.0,0.003259,1.0,2.100524384225555e-05,1015.36,688.5
133.77,133.77,10,496,10,0.005315,1.0,0.003465,1.0,2.0088283611044034e-05,1108.1,688.5
133.83,133.83,10,497,11,0.002371,1.0,0.003365,1.0,1.9191376735075427e-05,1114.14,688.5
133.89,133.89,10,498,12,0.001746,1.0,0.00323,1.0,1.8314560692059833e-05,1101.07,688.5
134.35,134.35,10,499,13,0.001657,1.0,0.003109,1.0,1.745787212020178e-05,1079.77,688.5
134.78,134.78,10,500,14,0.002198,1.0,0.003044,1.0,1.6621346816668993e-05,1093.53,688.5
134.84,134.84,10,501,15,0.002581,1.0,0.003013,1.0,1.5805019736097104e-05,1111.64,688.5
134.9,134.9,10,502,16,0.003143,1.0,0.003021,1.0,1.5008924989128259e-05,1105.81,688.5
135.18,135.18,10,503,17,0.002559,1.0,0.002994,1.0,1.4233095840986754e-05,1102.01,688.5
135.51,135.51,10,504,18,0.004033,1.0,0.003052,1.0,1.3477564710088097e-05,1125.67,688.5
135.57,135.57,10,505,19,0.002898,1.0,0.003044,1.0,1.2742363166685034e-05,1121.75,688.5
135.63,135.63,10,506,20,0.002355,1.0,0.003009,1.0,1.2027521931548213e-05,1116.04,688.5
135.95,135.95,10,507,21,0.038548,0.984375,0.004702,0.999256,1.1333070874682216e-05,1123.12,688.5
136.45,136.45,10,508,22,0.003856,1.0,0.004663,0.99929,1.0659039014077942e-05,1116.97,688.5
136.51,136.51,10,509,23,0.002624,1.0,0.004575,0.999321,1.0005454514499413e-05,1088.68,688.5
136.56,136.56,10,510,24,0.002021,1.0,0.004468,0.999349,9.372344686307655e-06,1117.11,688.5
136.97,136.97,10,511,25,0.004048,1.0,0.004451,0.999375,8.759735984318895e-06,1125.74,688.5
137.42,137.42,10,512,26,0.003046,1.0,0.004397,0.999399,8.167654006699443e-06,1106.85,688.5
137.48,137.48,10,513,27,0.004486,1.0,0.004401,0.999421,7.59612349389599e-06,1087.4,688.5
137.54,137.54,10,514,28,0.003218,1.0,0.004358,0.999442,7.045168327601769e-06,1123.76,688.5
137.79,137.79,10,515,29,0.004107,1.0,0.00435,0.999461,6.514811529758746e-06,1091.56,688.5
138.28,138.28,10,516,30,0.003534,1.0,0.004323,0.999479,6.005075261595494e-06,1096.24,688.5
138.34,138.34,10,517,31,0.00199,1.0,0.004247,0.999496,5.5159808227014385e-06,1123.41,688.5
138.4,138.4,10,518,32,0.003036,1.0,0.004209,0.999512,5.047548650136513e-06,1123.88,688.5
138.67,138.67,10,519,33,0.002238,1.0,0.00415,0.999527,4.599798317577342e-06,1101.68,688.5
139.1,139.1,10,520,34,0.00198,1.0,0.004086,0.99954,4.172748534499449e-06,1096.46,688.5
139.16,139.16,10,521,35,0.002669,1.0,0.004045,0.999554,3.766417145395218e-06,1084.76,688.5
139.23,139.23,10,522,36,0.004451,1.0,0.004057,0.999566,3.3808211290284885e-06,1021.21,688.5
139.46,139.46,10,523,37,0.003741,1.0,0.004048,0.999578,3.0159765977250675e-06,1101.88,688.5
139.88,139.88,10,524,38,0.002309,1.0,0.004002,0.999589,2.671898796699268e-06,1100.33,688.5
139.94,139.94,10,525,39,0.003914,1.0,0.004,0.999599,2.3486021034170858e-06,1097.48,688.5
140.0,140.0,10,526,40,0.002606,1.0,0.003965,0.999609,2.0461000269953455e-06,1093.91,688.5
140.25,140.25,10,527,41,0.002419,1.0,0.003928,0.999619,1.7644052076371542e-06,1096.54,688.5
140.68,140.68,10,528,42,0.004251,1.0,0.003935,0.999628,1.503529416103988e-06,1091.26,688.5
140.74,140.74,10,529,43,0.002441,1.0,0.003901,0.999637,1.2634835532233658e-06,1121.44,688.5
140.79,140.79,10,530,44,0.002203,1.0,0.003862,0.999645,1.044277649433989e-06,1108.32,688.5
140.94,140.94,10,531,45,0.003673,1.0,0.003858,0.999653,8.459208643659122e-07,1097.46,688.5
141.55,141.55,10,532,46,0.002489,1.0,0.003828,0.99966,6.684214864584037e-07,1097.06,688.5
141.61,141.61,10,533,47,0.002023,1.0,0.00379,0.999668,5.11786932613223e-07,1111.11,688.5
141.66,141.66,10,534,48,0.004395,1.0,0.003802,0.999674,3.7602374788497927e-07,1097.67,688.5
141.72,141.72,10,535,49,0.005211,1.0,0.003831,0.999681,2.611376052073511e-07,1116.06,688.5
142.25,142.25,10,536,50,0.003422,1.0,0.003823,0.999687,1.6713330515627513e-07,1105.08,688.5
142.31,142.31,10,537,51,0.002077,1.0,0.003789,0.999694,9.401477574932926e-08,1127.46,688.5
142.36,142.36,10,538,52,0.00279,1.0,0.003769,0.9997,4.1785072281363966e-08,1095.54,688.5
142.42,142.42,10,539,53,0.002922,1.0,0.003753,0.999705,1.0446377197104174e-08,1124.08,688.5
142.43,142.43,10,540,54,0.005057,1.0,0.003777,0.999711,0.0,96.16,650.5
