image_name,Captions,Label,vlm_answer,true_id,pred_id,pred_label
testimage001.jpg,"টি *Whole প্্্ ""3 in) no 1. Bye 1 *Hasina from India* 7",political aggression,C,2,2,PAg
testimage002.jpg,"A man must have What do you goals, money and a house to have me offer? ১২ 3 9 ৭১ ১ IN ৮০০ 1) me কঠিন HAHAHA! 5 9 ৫ ৩7: ডু ২২ ২:১৫",gendered aggression,B,1,1,GAg
testimage003.jpg,"নারী চাকরি করলে স্বামী বাচ্চার হক নষ্ট হয়, পরিবার নষ্ট হয়, পৃথিবী ধ্বংস হয়, এয়ারপোর্টে মহিলা ইমিগ্রেশন অফিসার, সমাজ ধ্বংস হয়। দীনদার মেয়েরা কখনো পুলিশ না পেলে আপনাদের হুজুররা তখন পদ্দাশীল বউকে নিয়ে কান্নাকাটি চাকরি করেনা।এমনকি তারা সুযোগ থাকা সত্বেও দূনিয়াবি সাবজেক্ট নিয়ে করে কেনো? যেহেতু চাকরিজীবী নারীরা কলেজ ভার্সিটিতে পড়াশোনা করেনা। খারাপ। তখন কেনো মহিলা পুলিশ খুঁজে কারন উচ্চশিক্ষিত মেয়েরা ও পুরুষদের কাছে পাঠালে হয়? চাকরিজীবী মেয়েরা ভুলো মা হতে পারে না 2 i 217 মাদ্রাসার মধ্যে যে লাখ লাখ বিবাহিত কি বললি শাহ*বাগি, নেড়িবাদি,ভুসকিও মাদ্রাসার চাকরিজীবী নারীদের জন্য সব আলেমা হাফেজা মেয়েরা চাকরি করছে তাদের সবাইকে চাকরি থেকে বের করে কিছু মাফ, তারা টাকার জন্য নয় সওয়ারের জন্য চাকরি করে। তোরা দেয়া OBO এতে করে বেকার পুরুষরা ডাক্তার ইন্জিনিয়ার হয়ে চাকরি করিস ""চাকরি পাবে আর চাকরিজীবি নারীর টাকার জন্য। মাদ্রাসার মেয়েরা সারাদিন মাদ্রাসায় থাকলেও সবার হক পুরণ করে কারনে পরিবার, পৃথিবী ধ্বংস হবেনা কিন্তু তোরা জেনারেলের ৯৯% ARMA 49৯ gis If 23 তু i",gendered aggression,B,1,1,GAg
testimage004.jpg,"work for my bos who hates Such a strong and man! independent wor men i দম i 74 ১ শী, চ/ WES পা; FREER Vie 1 7 2) on র্ল ১ র্‌ THE AKT OF PURPOSE a i work for my family You being oppressed ও me. and degraded! I who A (""0 A SRA কে I> ০ Ril Is 0 an 1 2",gendered aggression,B,1,1,GAg
testimage005.jpg,দ্ধ রী of fia তোরটা একট Foe.,political aggression,D,2,3,RAg
testimage006.jpg,NES I (০ ৮ FED ICHO NEN,political aggression,C,2,2,PAg
testimage007.jpg,VICVW 19 লা চে Abu Hurayrah If she talks again like that tell me. We need to arrange some sticks 2১ ঠা! ঙ 2 ৮৮ না dor Reply &7 8] Arman Ferdous Abu Hurayrah sometimes old method works the best Reply A,gendered aggression,B,1,1,GAg
testimage008.jpg,"Every single action of God, including every prophet chosen in the Torah, and Bible a i 4 ane occured within the red circle. Seems legit.",religious aggression,D,3,3,RAg
testimage009.jpg,"পদ গন 3 3 3 যেব ৩৬৬৩ ণ।ঙ৩ বাম্পারফলন দেখাইলাম, আজকে সেই বিটিভিতে নাকি আমার পাপের ফল i 11: ria] টা 1 we i 7 ২১ 14. ১ A IN ২ (A ২২ তা 0 or",political aggression,C,2,2,PAg
testimage010.jpg,ভিড A 9 7% রন খুজতে গিয়ে TIC বের হতে রক Reg 23 ১৮১৭ আমরা৷ বোরকা পরি SRI THE MIE,gendered aggression,B,1,1,GAg
testimage011.jpg,9 আবার এসো মা i 9 কিন্তু এসে সুচী নর কী বালটা ফেলিস মা?,religious aggression,B,3,1,GAg
testimage012.jpg,চে বাম a ং HAO শরির যইই'থাকুক,political aggression,B,2,1,GAg
testimage013.jpg,"সস্্ৃস্স্স ani চে যা TEJGAON তেজগাও ৬ armgate abl Hotel রা Kanyan Bazar 00 2 an, MALIBAGF NDI Shahbag Ramna Paik THAT SAT 3 New Market Cantra ছা তা তাল 131 iT",non-aggressive,A,0,0,NoAg
testimage014.jpg,"bluds when they hear, 'যাট গম্বুজ মসজিদের গম্বুজ সংখ্যা কয়টি?"" in the crowd ও রর আর (I ৯১ নজীর) 0 1. 4",non-aggressive,D,0,3,RAg
testimage015.jpg,"পা work for my boss Such a strong and who hates me! independent woman! Be 5 ৮৪ ম্যাম দা ঢা (1, লা a Vix ২ রর <7 র্যা 1 sir oF PROBE RATION: নস 4 work for my famil who loves me You being ও -A% and ০০০৫১ A Cie i> A i এব তত নে",gendered aggression,B,1,1,GAg
testimage016.jpg,When you love people but also want to flip tables and whip them occasionally সাপ পা %9 4 টা নর 4% 3) 3 a a ৫ 14 He Gets Us ০০ 0. Los,religious aggression,D,3,3,RAg
testimage017.jpg,"পি how come you are all still alive? We just went up to higher land 2 api জী mis A ols in SO 11) গল রি ও: রর ঠ রা a i,",religious aggression,D,3,3,RAg
testimage018.jpg,39. 7 a 4 iF (48 ১১ 4 ৬ নি I A= ১ রা ৮৮ শন. রি i [A a 2 els আগে. ক্যা 4 02 QUATEST ols i টং a,gendered aggression,B,1,1,GAg
testimage019.jpg,9৮28 9. Halloween 1 পে গা Pla 12) 19 if i Us ber,religious aggression,D,3,3,RAg
testimage020.jpg,Dhaka restaurants 7 Authentic outlet Normal,non-aggressive,A,0,0,NoAg
testimage021.jpg,"তারেক রহমানকে যে মানে না, সে তার বাপকেও মানে না: হাবিব জজ ০. মিমসমগ্র i ছাত্রদল করা কর্মী 3",political aggression,B,2,1,GAg
testimage022.jpg,"কট্টর ছাত্রলীগ কর্মীকে যখন দেখেন, ইউনুসের দেওয়া ফ্রি উপভোগ করতেছে! 5 ১৫১ পা =A 1/ ছু ০৪০০ পে i াজনৈতি: ৬ তে সামাজিক নির্ দাবাজিছিলতা fers fod",political aggression,C,2,2,PAg
testimage023.jpg,"[যয you see God No SO) পু ৷ you touch God No fia এ 4 Then there is not a God BRO RAISES HIS HAND can you see your brain? Yes. Here is my MRI. We can both Tis very clearly see my brain ০ Clearly did not this argument through No shit, fucktard. 9",religious aggression,D,3,3,RAg
testimage024.jpg,"""Hey, can copy your homework?"" ""Sure, just make it look diffrerent so that it doesn't look like you just copied it."" ""Sure thing."" JURE",religious aggression,D,3,3,RAg
testimage025.jpg,SIR ণফ্যানের ৩ wie ১ গ্রামীণ ব্যা ক থেকে is,non-aggressive,C,0,2,PAg
testimage026.jpg,লাল Soiarse দলিল্লে ও সে SIA ললললশাললাহুতজ্ঞ কুলে লা অমি হুল্টাল্লাক্তিউ [Hes HIT SIC স্মু্থোন্মম্থি ক্্লব-_ ১৪০ ০ NAC Sassy চর চি তুমি ও Hay Allah! খালেদ শেষে ৭],political aggression,C,2,2,PAg
testimage027.jpg,"Anonymous participant আমি চাকরি করতে চাই, স্বামী চাকরি করাইতে অনিচ্ছ্ুক,যদি নিজের আশে পাশে পোস্টিং না হয়। এ অবস্থায় সংসার রক্ষা করব,নাকি সংসার ছেড়ে চাকরি করা ভালো হবে। হয় চাকরি করতে হবে,না হয় সংসার ছাড়তে হবে। কোনটি করলে ভালো হবে? চাকরি এখন ও হয় নি। আমাকে দ্রুত ভালো পরামর্শ দিবেন। স্বামী ভালো job করে। স্বামীর ইচ্ছা বউকে সাথে রাখা।যখন যেখানে মন চায় বউজে নিয়ে যাওয়া ৬55 44 comments 1 share Nickname স্বামী যা দেয় তার সব কিছুই চাকরি থেকে অতিরিক্ত হিসেবে পাবেন টাকা আর বস এর সাথে নানা জায়গায় ঘুরার সুযুগ। Crug এছাড়া স্বাবলম্বী নারী হিসেবে নারীবাদীদের কাছ থেকে বিশেষ সম্মাননাও পাবেন। উট ""তাই আমি মনে করি, সংসার ছেড়ে দিয়ে চাকরি করাটাই বুদ্ধিমানের কাজ।"" Poa.",gendered aggression,B,1,1,GAg
testimage028.jpg,নারীবাদি ধর্ম ব্যাবহার করে পুরুষরা নারীদের জিম্মি করে রেখেছে Meanwhile ধর্মহীন পৃথীবিতে পুরুষ,gendered aggression,B,1,1,GAg
testimage029.jpg,"Lamia Anannya Islam Arpita ৫০০৮৭) টে 11 LIKE reply সীরাজাম মুনীরা ওড়না ছাড়া বের হবার কারণে একটাও কটুক্তির পোস্ট দেখি নাই, ওড়না ছাড়া মহিলা তো এখন স্বাভাবিক হয়ে গেছে রাস্তায়। কে কটুক্তি করেছে? নারীর স্বাভাবিক ফিতরাত বাইরে বের হলে ঢেকেঢুকে বের হওয়া, এইটাতেও আপনার এখন হুদাই মাসয়ালা আমদানি করা লাগতেছে ফারুক ভাই! আপনার নিজের এই ক্রমাগত অবনমন আপনাকে লজ্জিত করে না? উদারতা ও অধঃপতন এক নয়। Haha Reply 30 View previous 10 replies BE. Comment as Marisha 2 Mashfin Khan 0",gendered aggression,B,1,1,GAg
testimage030.jpg,"১1504 FOR WOMEN MEN: AWRAH (Nakedness; intimate or private parts that must be covered.) RARAMDOODLES. COM HOLD uP. So GOL WANTS ME To COVER BECAUSE MY ও 1 ৮৪6 To cover MY ENTIRE BODY AWRAH Too! MALES MEN HORNY, AnD THEIR BONERS ARE MY FAULT? AND THIS SOMEROW MY CHOICE? 14",religious aggression,B,3,1,GAg
testimage031.jpg,"He will never be able to take control of Bangladesh HARATIYA JANATA PARTY ""1 জেপি) জ্জ্জ্য্যা Ban, an esh Janata 4 (৪ জেন ier 4 SIR পার্টি পাঠিত বাংলাদেশ জনতা পার্টি",political aggression,C,2,2,PAg
testimage032.jpg,CHRISTIANITY IN ONE PICTURE ond কপ 4 I i 3 TER 1),religious aggression,D,3,3,RAg
testimage033.jpg,oR Then he turned to the dude in a black dress and told him he can drink wine but can have 4 wives,religious aggression,D,3,3,RAg
testimage034.jpg,3] oF Sed রং 2 Clas 2 7 i 7 Hi 3 ্ Seid] দার,non-aggressive,C,0,2,PAg
testimage035.jpg,IN 4 ১ ৬ ৮8১১৪ লা ষ্ঠ 3 bit 5 ১২ i 5 \i ৪ চো hex ও. wiih} a A ১ gual ৯ Mid রি স্পা ৪ He ৯৮2 7 3,non-aggressive,A,0,0,NoAg
testimage036.jpg,"4৬০২, ৬ একা 2 2 ৭১ 4 No Nominatie November",political aggression,C,2,2,PAg
testimage037.jpg,"আমার অফারস মাই অফারস reno মেল্ট বন্ধু ""এ ভালো অফার পাবার পর যখন দেখি আমার শুধু ক্রেডিট কার্ডের অফার (ব্যাংক একাউন্টও নাই) টা. 4 7 মী",non-aggressive,A,0,0,NoAg
testimage038.jpg,4 শেখ হাসিনার জানাজা পড়াতে ইচ্ছা প্রকাশ করলেন আওয়ামী নাগের দুই হমাম আনোয়ার চিভি নিউজ লি 8711175100৮ anwartvnews 0 (0 xouami Rendi 12 8 সক ্ ৯ ওয়াট ফাস্ট শোয়ামি রেনডি ১,political aggression,C,2,2,PAg
testimage039.jpg,দনপর নপর কাজের মাসি বাড়ির গিন্নি,gendered aggression,B,1,1,GAg
testimage040.jpg,০ geek 2 ental away ness 2) Christians made with mematic,religious aggression,D,3,3,RAg
testimage041.jpg,"am) ister 4 Stoplusing my sunscreen গা আদ নু DUO am IN, gonna start usinggyour sunscreen even harder",non-aggressive,B,0,1,GAg
testimage042.jpg,"নারীবাদীরা নিজেদের এতো আধুনিক দাবি করেও চিন্তা ভাবনা এতো বেকড়েটেড কেনো? Bushra Suggested foryou ও নারীদের স্তনের দিকে তাকিয়ে থাকাও এক ধরনের যৌন হয়রানি। নিজের দৃষ্টি অন্য ব্যাক্তির চোখ বরাবর রাখুন। Randome স্তন রিভিল করে রেখে দেখানোও যৌন হয়রানি। আপনার স্তন দেখা যদি আপনি অসহ্য বোধ করেন সে ও উত্তেজিত বা অসহ্য বোধ করতে পারে। সে তো পাবলিকে সেক্সের জন্য আসেনা তাকে আপনি আপনার প্রাইভেট পার্ট কারনে আপনি যৌন হয়রানীকারী। আপনি বলতে পারেন চোখ নামিয়ে রাখতে, কেনো নামিয়ে রাখবে? আপনি পাবলিক প্লেসে আরেকজনের চোখে রেস্টিকশন দিবেন কোন অধিকারে?আধুনিক হয়ে পাবলিকলি স্তন দেখাতে পারলে, পাবলিক কে কোনদিকে নজর দেয় ওইসব বেকডেটেড চিন্তা থেকে দূরে চলে আসেন। আর যদি কারো চোখে না পড়তে চান তাহলে যেভাবে ইচ্ছে প্রাইভেটে থাকেন। মানুষকে বাধ্য করবেন না নিচের দিকে তাকিয়ে থাকতে।",gendered aggression,B,1,1,GAg
testimage043.jpg,1 LEBRON JAM REPORTEDLY FORGOT Pay 10% of his salary and get 10 beaten by in London,political aggression,A,2,0,NoAg
testimage044.jpg,Vig A i or গা Corporate needs you to find the differences between this picture and this picture. Voltaire Paine স ৭ টং the same,political aggression,D,2,3,RAg
testimage045.jpg,"Ramsey Snow ১০০০ বাঙালি মেয়ের সে এক করলেও একজন রুশ নারীর সৌন্দর্য সমান হবে না। বাঙালি মেয়েদের তুলনায় সৌন্দর্য, বডি ফিগার সব দিক থেকে তারা যোজন যোজন এগিয়ে। সেই তুলনায় তাদের অহংকার, হ্ত্সা, চাহিদা অনেক কম Reply ০ আরমান হোসেন এগুলো বাংলাদেশের প্রত্যেক ছেলেই করে তবে জুটে AT কালিগুলা ।যেগুলোর ভাব থাকে, আবার থেকে বেশি। Reply আরমান হোসেন Kali gulai tho 5৩017705538 ০ ছেলেদের দায়িত্ব শুধু শরীর ঢাকার মত কাপড় আর তিন বেলা খাবার, সেটা শুধু রুটি আর আলুভাজিও হতে পারে। মেক-আপ, ২-৩টার বেশি ব বেশি ড্রেস, অতিরিক্ত খাবার _খরচ, গহনা, কোথাও TACO টি পর্যন্ত দিতে স্বামী বাধ্যনা।",gendered aggression,B,1,1,GAg
testimage046.jpg,"Anonymous participant see ০ 20* 39 আমার স্বামী কাতার থাকেন।আমি আর আমার শাশুড়ির একসাথে থাকি। তো আমি শাশুড়ির সাথে আগে একবার তর্ক করেছিলাম এজন্য আমার স্বামী আমাকে সাবধান করেছেন বাট গতকাল আবার করেছি এটা শুনে আমার স্বামী আমাকে তালাক দিয়ে দিছেন।আমি কান্না করতেছি কি করবো কিছুই বুঝতেছি না আপুরা সুখেই ছিলাম আমি।বাট আলাদা হবার জন্য এইসব করতে গিয়ে আমার জীবটাই নষ্ট।সে ক্লিয়ারভাবে বলে দিছে আমার মায়ের সাথে তর্ক করেছো এটার মাফ নাই আমি প্রথমেই বলেছি মায়ের সাথে উচ্চস্বরে কথা বললে সেটা আমি মেনে নিবো না।এখন তুমার পথ তুমি ধরো।আমি কি করবো আপুরা এখন সবকিছু আমি ঠিকঠাক করতে চাই। ০৮10 12 comments Yousuf Because, that's .what heroes do",gendered aggression,B,1,1,GAg
testimage047.jpg,"্ ১ Equilibrium Point ARN রুষ মানুষের বয়স, figure: পুরুষের ইচ্ছা-বয়স diagram",gendered aggression,B,1,1,GAg
testimage048.jpg,"SATAN SLIM ভু ৯৯২২৯ ছু বানের ১ Book: Origin of dig Page 20,",religious aggression,D,3,3,RAg
testimage049.jpg,"আপনি কি? ব্যাঙ এক বৈদিক দেবতা! ATER ৭/১০৩ আাপ।াচাম We পল WON লেণ ১০৩ সন্ত মণ্ডক দেবতা বাঁসঠ ale Tower ছন্দ গর্জনাকে করেন। ম""ড্‌কসকল তাঁর GRA করে। সেজন্য তান (gia এ স্ম্ত জপ করেন। নির্ুন্তকার বলেন যে বাঁস্ঠ বৃষ্টিকাম হয়ে TINT স্ত্যাত করোঁছলেন 1",religious aggression,D,3,3,RAg
testimage050.jpg,এ কেমন অদ্ভুত জীব। পা ছাড়াই চলতেছে মনে হয় নতুন কোন ভগবান ভগযান আমাকে দয়া করুন। আমাকে ছেড়ে যাবেন না প্লিজ 7 লে,religious aggression,D,3,3,RAg
testimage051.jpg,Jamaat Amir after reducing women's working hours so that companies prefer male employees more a পা! ৬ ০০০০ me aorta FLSA 4 ৷ [A] ৮১ পে AAT,political aggression,D,2,3,RAg
testimage052.jpg,রঙ a I i i a WAS uth A খা we 7 I ক্যা A 41 যেই মেয়ে TIES নামক ধর্ষকের কাছে নিজের ভার্তিনিটি হারিয়েছে তাকে লক্ষ লক্ষ টাকার দেনমোহর দিয়ে ঘরের বউ বানানো কোনোভাবেই রুচিসম্মত বা বুদ্ধিমান সিদ্ধান্ত নয়।,gendered aggression,B,1,1,GAg
testimage053.jpg,হ্যালো দোস্ত কই তুই? রাউন্ড দেই ওয়ার্ডে না কেবিনে? NSE 4 ট I 4 ঙ 7 he ১ ১) 1 দঃ ধা a 4 ২. 4 টং ্ fli) 101 a লা 3 4 রা. a,non-aggressive,B,0,1,GAg
testimage054.jpg,"Ongoing Colonization-Genocide White European Species upon arriving on Brown Part of the World Vacate this land now, was here Sono years a 290 ০ as per clope 7) ১২ on 7 4 রা Leave your Grandmother Homes, Farms, Trees Villages, River it's all mine now. be anti-termite",political aggression,C,2,2,PAg
testimage055.jpg,"পা, দিস aS or নস ৪ যখন বাঁ is কোথায় তাদের প্রতিবাদ?",gendered aggression,B,1,1,GAg
testimage056.jpg,"ক my A a) A চাইলে সব বিএন পির সদস্যদের জেলে দিতে পারতাম! কিন্তু আমি কি he 5 সংখ্যক গেলাম, যেন ঃ বাঙালি IPS, আমি কেন 5 old! Adolf hasina Jay",political aggression,C,2,2,PAg
testimage057.jpg,brought তল ষ্ঠ লা you a message 5 from Allah! Why didn he come? ঢা ্: 7 a Tidy ১ Ake তু 4৮১. i. WOE,religious aggression,D,3,3,RAg
testimage058.jpg,19 ATC Hine GO রণ a YO ৮ ৩৬ i ২5 i গে ১১ ৯০০০ রতন 6. pro ৮৮৮ না WAYS.,religious aggression,D,3,3,RAg
testimage059.jpg,ISSUES 5 HATE,gendered aggression,B,1,1,GAg
testimage060.jpg,"মেয়েদের কাপড় ধরে সন্তান কে অতিরিক্ত টানবে এটাই স্বাভাবিক মাথায় তুলে রাখলে ব্লু ৬৪৬৪ ১7 val ১, i a রা a a oh 3 এরা ৯]/ গা (4 7 নদ '্ কু!) i",religious aggression,D,3,3,RAg
testimage061.jpg,আরে আমি তো দেশপ্রেম মনে করে মিস ইউনিভোর্সে একটা ভোট দিছিলাম,gendered aggression,C,1,2,PAg
testimage062.jpg,FEMINIST* DEFENDING WOMEN RIGHTS FIGHTING MAN FIGHTING [I],religious aggression,D,3,3,RAg
testimage063.jpg,[3 তে Are you a Christian? 9 [3 i ০ sed refor Poorey a 7 Wiberg the best way to lift out of poverty Or ০. so if you care A you should sense to me eralism (1) 30) 200} gpa pport lib Anti,religious aggression,D,3,3,RAg
testimage064.jpg,1111,political aggression,C,2,2,PAg
testimage065.jpg,"স্লোগান মাস্টার নয়ন আর ডেনস্ডি খোর জাকির আমার জন্য অনেক খাটসে, তার প্রতিদান হিসাবে ওগো দুইটার গোয়া ৮৬৬ নো পা এ (হরার'$ 1)",political aggression,C,2,2,PAg
testimage066.jpg,"christians atheistsibudd gays: ১1 816 [০9131001 lisation your tradition your culture your country, your attire and you complains islamophobia",religious aggression,D,3,3,RAg
testimage067.jpg,MY RELIGION SAYS YOU CAN'T DO THAT ২১৫১২ YOUR RELIGION SHOULDN'T DICTATE MY LIFE ২১ I'M BEING OPPRESSED!,religious aggression,D,3,3,RAg
testimage068.jpg,ডল সা 1 ও 11 চু 8 AIT feat [4 জন্য দেয়া শো 1) HE 7,political aggression,B,2,1,GAg
testimage069.jpg,"A, ঢ",non-aggressive,A,0,0,NoAg
testimage070.jpg,"Me hunting down Hindutva agents of ISKCON, RAW Bangladesh চে AS ১ 7 ২৬ চা ভি স্্ঞ্ঞ",religious aggression,D,3,3,RAg
testimage071.jpg,RANTAGES তোমাদের ওইখানে নমিনেশন কে পাইছে,non-aggressive,A,0,0,NoAg
testimage072.jpg,"Sanaiya চা! CTE ৩৬৩৬৩ হিসেবে ভার্জিন মেয়ে না দেখে নম্রণভদ্র একজন মেয়ে দেখুন।ভার্তিনিটি শেষ হয়ে যাবে এক সময় কিন্ত মেনার্স না""। ঢা a] জজ ওরে 6 গু 0",gendered aggression,B,1,1,GAg
testimage073.jpg,How people with updated app look at people who didn get the new update: তা A a At fhe. A Leal,non-aggressive,A,0,0,NoAg
testimage074.jpg,ঢং রুমিন ফারহানাকে নমিনেশন Fen উচিত! না A Give me 3 freak,political aggression,B,2,1,GAg
testimage075.jpg,The 4 Horsemen of শিক্ষা সফরে সকালের নাস্তা- তল ননদ লক্ষ টা a a Ath ২০-০২- a I in i,non-aggressive,A,0,0,NoAg
testimage076.jpg,7 9 a One Last,political aggression,A,2,0,NoAg
testimage077.jpg,"How to address all religions so nobody gets offended. Attention, all fairy tale things.",religious aggression,D,3,3,RAg
testimage078.jpg,"২২৫) ৮৮৫ ATS রী ৮7. রং ২ SAL aN 3 না. Memes Better Than You 17 ভাগ্যিস ভূমিক লা স্প হইছি, Set ফেস বু ক FURRY ARIAS ARNOT নেংটা",gendered aggression,A,1,0,NoAg
testimage079.jpg,If Awami League was an international party a 4 oes 3,political aggression,C,2,2,PAg
testimage080.jpg,How me my student sleep knowing there's no chance anyone is coming back home before noon (We are sleepy from tuition) কম i 8 ৯৯২৫৬ ৬,non-aggressive,A,0,0,NoAg
testimage081.jpg,Awami bot is a spectrum 9 এক জিবি করে দিচ্ছে gel উপলক্ষে কোড টা বিলতো,political aggression,C,2,2,PAg
testimage082.jpg,GOOGLE ON WOMEN'S DAY [elt 3 1 11 Google GOOGLE ON ক on MEN'S DAY:,gendered aggression,B,1,1,GAg
testimage083.jpg,যখন ফেসবুকে ভূমিকম্পের সময় খোজা নিয়ে পোস্ট দিতে দেখি:,gendered aggression,A,1,0,NoAg
testimage084.jpg,ISLAM GAVE WOMEN THEIR RIGHTS! SHE HAD ৮6০ RIGHTS LONG OUR PROPHETS FIRST WIFE KHADVTAH ৮১৮ BEFORE ISLAM! HERZ OWN BUSINESS রূপা ACR Aig রণ সঙ,religious aggression,D,3,3,RAg
testimage085.jpg,"a a fim i A 3 A Feo ৬০৬ 2 ৷ ন্‌ ""হা না AT ১৩",political aggression,C,2,2,PAg
testimage086.jpg,ক খালেদ হতাম কখনোই শেখ হাসিনার HAR LIT! তাম না,political aggression,C,2,2,PAg
testimage087.jpg,"বা শা Kaa i 1 1 র্‌ রণ ওয়ে হোয়ে, Sat 4 মাল দুটো দেখেছিস!এ হিরো কোথায় যাচ্ছো,একবার এদিকে তাকাও.. ছেলে: ছিঃ, তোমাদের বাড়িতে বাবা দাদা নেয়..",gendered aggression,B,1,1,GAg
testimage088.jpg,"ভোররাতে যখন প্রচন্ড ক্ষুধা পায় কিন্তু ২২২ ২২২২ ২২২ ২২২২২২২২ ২২২২ ২২ ২২ ২২২ ২২২২২ ২২২২ IN ২ ২২ ২২ ANT; 4 GES I [27 5 ষ্ঠ পা দল shit, hare we go again.",political aggression,A,2,0,NoAg
testimage089.jpg,"৫১ 56% ৩৬৩৬৩ আফসানা নূরাইনা Follow নামের আগে টাইটেল রেখেছে আলেমা। কিন্তু মোটাদাগে একটা ফেমিনিস্ট। এই মাইয়ার সব পোস্ট আমার সামনে আসে কেন!এত পরিমাণ ইসলাম বিদ্বেষী।আল্লাহ তাআলা ভারসাম্য রেখেছেন। কিন্তু সে চায় সমতা।আরও কত উল্টা পাল্টা বুঝ দেয়। এই লোক ভুল কিছু বলেনি (ব্যতীক্রম আছে।কয়েকজন বোন বাধ্য হয়ে এই সিস্টেমে আছে।আল্লাহ তাআলা আফয়াতের সাথে বের করে আনুন। ভুল কথা না বলেও কেনো একজন লোককে নিয়ে এমন পোস্ট করে?তারা কি চোখ থাকিতে অন্ধ? এই গ্রুপটাতে মূলত ইসলাম বিদ্বেষের চর্চা করা হয়। তাই সব জায়গা এক আস্তানায়। এমন উল্টা পাল্টা লিখে কত বোনদের যে মাথা ACE LER এদের ৮৮৯৬ করুন। 1 দেখে. কোনোরকম স্পষ্ট more 0 You, Saydur Rahman 61 7 comments Sad Comment (0১ Share আবদুল হাফিজ হারুনী নারী হচ্ছে জিনিস ঘরে থাকবে। স্বামীর খেদমত করবে, মাতৃত্বের স্বাদ গ্রহণ",gendered aggression,B,1,1,GAg
testimage090.jpg,"১৬৭ ১, লৈ) ছু NO EMBER I'\ I\",non-aggressive,A,0,0,NoAg
testimage091.jpg,দেশে ফেরার পর মির্জা বখরুল when জমাত-শিবির Jag নিরাপত্তা দানের বিষয়ে তার কাছে ক্রেডিট চাইতে যায়: @sajedul isl a,political aggression,D,2,3,RAg
testimage092.jpg,"জ্বি বাই, ভূমিকম্পের সময় কোনো মেয়ে Emergency তে ওড়না ছাড়া নামলে বা এসব লেখালেখি করলে তাকে নিয়ে কারাপ",gendered aggression,A,1,0,NoAg
testimage093.jpg,"Bangladesh Awami League to Asif Nazrul এসেছিলে বাঁচাতে আমায়,ভরে দিলে",political aggression,C,2,2,PAg
testimage094.jpg,"88 A igathacchak I) ঢু 7 1 i a i) ""জনগণ যেটা চায়, সেটাই হবে ""মানা ৮: 114 (52 হ ১",political aggression,C,2,2,PAg
testimage095.jpg,নাল 4 1ব০। ofp নন ক,gendered aggression,B,1,1,GAg
testimage096.jpg,"৯য় a A 3 পা [3 এ বোরকা ছাড়া নারীদের জন্য চিকিৎসা সেবা নিষিদ্ধ এমন দাবি মিথ্যা ও অপপ্রচার পুণ্যের প্রসার ও অপরাধ দমন মন্ত্রণালয়, আফগানিস্তান তাহলে মিস SHEE বাংলাদেশী নারীর মতো কোনো আফগান নারীকে বিকি নি পরা দেখি নাই কেনো?",gendered aggression,B,1,1,GAg
testimage097.jpg,"যা] টা ৬ পদ ্ হ্যা, পুরুষও কাদে",political aggression,C,2,2,PAg
testimage098.jpg,"ক্যান? ইউসু ফ ভাইরে ৫ দেওয়া যায় না? দানি can't, because the universe depends on it.",political aggression,D,2,3,RAg
testimage099.jpg,Sed a i an a,political aggression,C,2,2,PAg
testimage100.jpg,"অপমান জবাব রত ছেলেদের হেয়ারস্টাইলে ষু ire, inl মেয়েরা ৮৭১১১ IS মেয়েদের in boy's duis হেয়ারস্টাইলে পে ছেলেরা in girls ০৬৮",gendered aggression,B,1,1,GAg
testimage101.jpg,"শাহাবাগী ও জামায়াত,উভয় ক্যালকুলেটরেই যখন স্কোর ৯০%+ উঠে যায় 1 71 ১ ন্ট IRANTAGES GOATPOSTING 2",political aggression,D,2,3,RAg
testimage102.jpg,STA আগে আ. নীগ ও ছাত্রনৌগের সঙ্গে জড়িত কেউ JANE যোগ দিতে পারবে না সারজিস আলম দি 4 jamunatelevision jamunatvbd পা:,political aggression,C,2,2,PAg
testimage103.jpg,ঠা iors: ৬ 4 1 হাজব্যান্ডের সাথে সহবাস করতে চাও কেনো? তোমার জামাই wife কে দিয়ে ঘরের কাজ করাতে চান দরকার নাকি খদ্দের? কেনো? আপনার বউ দরকার নাকি কাজের বুয়া? 1,gendered aggression,B,1,1,GAg
testimage104.jpg,কয়েক মাস পর চাকরি শেষ জানার পর যখন হঠাৎই বিদেশ থেকে নতুন চাকরির অফার পেয়ে যান ৮ ৮ A i,non-aggressive,C,0,2,PAg
testimage105.jpg,"ALITY 74 ৬, ৯৮৬ তা 71 1 নী AN 35> 5 hi 5 0) VER ISS UNL ০১৮ শা ১১১ ক ক কত ১ ২ FOR a ৯ a Of 8 মা ৭০৭ ০১০৩ না? লাগ মা? Beauty Contest যেখানে পুরুষ Reali",gendered aggression,B,1,1,GAg
testimage106.jpg,"২ 8 ৯৬. tal আর যদি ১৪/১৫বছরের মেয়ে ৩০/৩৫বছরে ছেলের প্রতি আগ্রহ দেখায়,এবং আবেদন বুঝায় ইশারায় তাইলে কি সেই মেয়েকে ব্যবহার করা যাবে? কারণ ও তো শারীরিক সুখ আবেদন করছে।",gendered aggression,A,1,0,NoAg
testimage107.jpg,কট্টর ডানপন্থী আপনার মোবাইলে 'Prothom টাইপ করার পর যখন ১১ নি i ১৬টি [screming],political aggression,A,2,0,NoAg
testimage108.jpg,GOATPOSTING framers 7. ৷ {EIR এ পড়লেই টার্কে যেতে হয় না জেসমিন 1111 1,non-aggressive,B,0,1,GAg
testimage109.jpg,"MUSLIMS: ""Allah is with us! Allah wants us to conquer the world!"" THE WORLD: ""Muslims have lost 487 battles in a row."" MUSLIMS: because Allah is testing our resolve! THE WORLD: ""You proved your resolve Why are you losing? MUSLIMS: ""Allah knows best."" ্ ২.২ ৪ 4 a be লা 7;",religious aggression,D,3,3,RAg
testimage110.jpg,DIT হ্তে পারে? ডল Pad রিয়ের এত a লাইইংকররে তলে মনে করেন!,gendered aggression,B,1,1,GAg
testimage111.jpg,"When bad Internet atheists demand empirical, scientific proof for God. লে চো গা 7. ৬ Then a real scientist say ""Science can not prove or disprove God, Philosophy""",religious aggression,D,3,3,RAg
testimage112.jpg,১১ a) ৰা,political aggression,C,2,2,PAg
testimage113.jpg,"working at The Daily Star New Thread 572 ৷ 4 A Examples Capabilities Limitations Explain quantum computing in Remembers what user said May occasionally generate simple terms earlier in the conversation incorrect information ""Got any creative ideas for a 10 Allows user to provide follow-up May occasionally produce year old's birthday?"" corrections harmful instructions or biased content How do make an request Trained to decline inappropriate in Javascript? requests Limited knowledge of world and events after 2021 Light Mode Discord পে Updates FAQ inte ৮ Log out",non-aggressive,A,0,0,NoAg
testimage114.jpg,"নেশার মায়া,কত যে বোরা, GETS মায়া, মায়া. ঢু rat i ১: 7 /3 3 a চ/ গা সে 0)",non-aggressive,C,0,2,PAg
testimage115.jpg,"সজননেত্রী শেখ খালেদা জিয়া: সজাতির জনক তাকের রহমান: 4 নল 1 3 A, BE নিপা কুল কু ভগ sus Cay তৃতীয় ৫ TO THE PEOPLE OF PALESTINE YOUR SUPPORT a. তি",political aggression,C,2,2,PAg
testimage116.jpg,৯০938 2 shares Reply 9 i Tasnia Tabassum 1. me! Reply Nickname Tasnia Tabassum nothing Reply,gendered aggression,B,1,1,GAg
testimage117.jpg,"WHEN YOU FEEL STUPID, REMEMBER THAT THERE ARE PEOPLE WHO BELIEVE THIS WILL HAPPEN চা 5 1? ham, Bgodsoveral দা",religious aggression,D,3,3,RAg
testimage118.jpg,"দল, েতাচাদাচ চাপ দামে জমি; না শিখে দেখো কিনে,রসে থাকা Meme 7% EES",non-aggressive,A,0,0,NoAg
testimage119.jpg,"FASTEST GROWING Your WILL ISLAM IS ALLAK HEAVEN BECAME REWARD You i দরদ, Feist [9 1 HAVE A MUSLIM seestee! Son! 4 MASHALLAK ৷ SUBANA| Loh 1 4 fou 4 A ০০১) (১৫ 6 THEN CREATED 1২4 ME 72 (4 HOW DARE You You WERE You OFFEND ISLAM? Never musi! Go To KEW! AN MAY ALLAR vig! 1৯1. ৮921 wow? 6১019054141 You WANT To BE wep MURTAD? ASTAGHERULLAA 2 4 3 ১) THEN WHO BANG? 72 14",religious aggression,D,3,3,RAg
testimage120.jpg,"Utshob level boomer seeing club football today be like আরে? লোগো চেঞ্জ Premier হইলো কবে? আর ম্যান ইউ এর এই League বেহাল অবস্থা ক্যান? এ কি এইটারও লোগো চেঞ্জ হইয়া গেছে? কিন্তু 4 সেই আগেরই বার্সেলোনা LALIGA মাদ্রিদ পুন্দাপু] খলায় টেস্ট Erin র স্বাদ, আগে যেমন ছিলো এখনো তেমনই আছে SERIE A",non-aggressive,A,0,0,NoAg
testimage121.jpg,বিতর্কে হারার পর হিন্দুঃ ০ a জয শ্রী রাম,religious aggression,D,3,3,RAg
testimage122.jpg,বাংলাদেশী বাম সে আসলেই জেকে যেমন যেমন: ভাবে: ৮০৬৬৬০০ ট,political aggression,C,2,2,PAg
testimage123.jpg,4 [2 রা As শেখ হাসিনার হয়ে আইনি লড়তে ভারত সরকার কেডি পাঠককে বাংলাদেশে পাঠাবে ২৩ নভেম্বর ২০২৫ আনোয়ার নিউজ anwartvnews anwartv NIOR BAAL REMOVER এ amaz( HASINA'S FIRST CHOICE 40:,political aggression,C,2,2,PAg
testimage124.jpg,"রত post তাদের কারণে INF হয়না, ভ্ামকম্প শুখু হয় বিপদের সময় বাড়ি থেকে টিশার্ট পরে বের হয়ে আসা মেয়েদের কারণে। ০০৮। Anannya Islam Arpita and 839 19 840 59 377 Most relevant Srotoshwini Islam Mirza বিপদকালীন পরিস্থিতিতে, যেমন ভূমিকম্প বা আগুন লাগার সময়, জীবন রক্ষার জন্য নারীরা সাধ্যমতো পোশাক পরে বাইরে আসতে পারেন। এক্ষেত্রে, তাৎক্ষণিক প্রয়োজনে পর্দামাফিক পোশাক না পরলেও তারা ইসলামে বা আল্লাহর কাছে দোষী হবেন না। জীবনের নিরাপত্তা নিশ্চিত করা ইসলামী বিধানের অন্যতম প্রধান উদ্দেশ্য এমন জরুরি অবস্থায়, ঈমানের দাবি হলো জীবন বাঁচানোকে প্রাধান্য দেওয়া। পুরুষদের উচিত মন্তব্য না করে নিজেদের দৃষ্টি সংযত রাখা। Love Reply 11 (3 Marisha Mashfin Khan Srotosh. Sheikh Israt Jahan ১ বাসার মধ্যেও ওড়না ছাড়া থাকা, মাথায় Comment as Marisha 2 ও me Masghfin Khan",religious aggression,D,3,3,RAg
testimage125.jpg,ট্জ্া। WAY ৯৬ ২৬১ a By Coins acim,political aggression,C,2,2,PAg
testimage126.jpg,"7 4৮ ৬ WIN 2 ১৯ জাতীয় 1 নাগরিক কু হে 1 কমিটি রা ১৯ neat প্রতিরাধ পূনগ্তন AS এ ৬ টা মন ১ a"" ৪ কু নল বৈষম্যবিরোধী ছাত্র আন্দোলন ক নন ১",political aggression,C,2,2,PAg
testimage127.jpg,"বিস্পি when গোলাম আয়ন, মাগুলানা বিস্পি when সাকা চৌধুরী",political aggression,B,2,1,GAg
testimage128.jpg,"চা NO MATTER HOW LITTLE EVEN IF YOUR YOU MAY HAVE, IF YOU CHILOREN 20 HUNGRY, SHARE YOUR MONEY EVEN IF YOU CAN'T WITH YOUR PASTOR OR AFFORD MEDICINE, YOUR TELEVANGELIST EVEN IF YOU HAVE IT WILL COME BACK TO NO ৩০৪, SEND THEM YOU A HUNDREDFOLD. YOUR MONEY. Loh BECAUSE KNOWS MONEY IS EVERYTHING! YOU UNDERSTAND ME? SEND YOUR MONEY! MONEY! MONEY! Prosperity Jesus. MONEY! MONEY! He gets us. I OMIKE STANFILL",religious aggression,C,3,2,PAg
testimage129.jpg,FEMINIST AT WORKPLACE শিক্ষিত মা রাই পারে শিক্ষিত জাতি গড়তে MEANWHILE HER KID AT HOME ঘুমা খান়্*পো/লা কাজের বুয়া,gendered aggression,B,1,1,GAg
testimage130.jpg,Sajid Hassan হাজার গুন? কোটি কোটি গুন। Reply Babrian Ayas ভাই পাকিস্তান আফগানিস্তানের মেয়েরা মাশাআল্লাহ বাংলাদেশের মেয়েদের থেকে অনেক সুন্দর Reply i 2,gendered aggression,D,1,3,RAg
testimage131.jpg,বিকাশ মেন্যু Me after finally finding আভা আ্্যাকটিভ ভার্চুয়াল আ্যাসিস্টেন্ট 3 been talkingjwith It beatiful this for fivelhours now,non-aggressive,A,0,0,NoAg
testimage132.jpg,When you drop third straight Netflix chill hint but he keeps saying আমার আসলে দেখার কোন মানুষ,non-aggressive,B,0,1,GAg
testimage133.jpg,"tall, he's dark, he is the Aircraft Carrier of knowledge, he's Switzerland a visual representation) ১. i ""৷",non-aggressive,C,0,2,PAg
testimage134.jpg,A 4 A never'said thank you for helping me wit with my daily life all these years AS 1 And you will A have to,non-aggressive,A,0,0,NoAg
testimage135.jpg,লা চিট or NES,religious aggression,D,3,3,RAg
testimage136.jpg,"You must say 'yes' to all of them or you must say 'no to all of them 70 না 3 অঅ প্িনিঃকি ATID NIG 2, ২৩ুখান 30' 45% 60 709 10 cos ২ A) কি! IIR one =i জামায়াত কে 'ভোট/দিরেন?% Lad A",non-aggressive,B,0,1,GAg
testimage137.jpg,"চ্/। জী 4 a) A dho <3 চুলে ঢাকায় বৃষ্টি রে সালাতুল ধুর এসব কী? সা লে, সপ i (7% পা 2441 581 80 A ৮7১৬ তত ২১ রাজশাহীতে বৃষ্টি ডাকাজ্গ য় ব্যাঙের বিয়ে",non-aggressive,D,0,3,RAg
testimage138.jpg,নস পা পা URNING LESBIAN FEMINIST BANGY ৷ [দা চু i AFTER LEFT THEM,gendered aggression,B,1,1,GAg
testimage139.jpg,"এ 83 US ior A ১৭, 4 4 ে 3 ২০, 74 ৮6 ৮৬৬ a 1) ats he 5 So 2; 12 i ০ ৯৭ i পা 1 We ক ৬ উড 1) 3 i 6 5 4 ৷ ১ ৬২ নে, 5 0 at 4 ৭২০",gendered aggression,B,1,1,GAg
testimage140.jpg,1121 3565 ৮৫102121011 I'S,political aggression,C,2,2,PAg
testimage141.jpg,দেশব্যাপী 1400 র পথসভায় চেয়ার ভাড়া দেয়া মালিকগণ 1 ব্যবসা clic,political aggression,C,2,2,PAg
testimage142.jpg,"MARUE 8 an EEE PAST DOSEN'T MATTER.. অতীত অতীত কি হয়েছে না হয়েছে সেগুলো নিয়ে পরে না Bon থাকাই ভালো। বর্তমানে আপনার সাথে সে থাকাকালীন কি হচ্ছে, কি করছে সেটা লক্ষ রাখুন ১০ Care Reply 1@ (A Innus Sheikh ওকে আপু ফাইন পাস্ট ভাসনট ম্যাটার।আমার এক বন্দু আছে ৪ টা রেইপ কেইস আছে তার নামে। ৫ বছর দৌলতদিয়াতে গিয়ে অনেক মেয়ের সাথে শুইছে।মদ গাঞ্জ ইয়াবা সবকিছু নেশা করেছে।বাট এখন সে ভালো হয়েগেছে আলহামদুলিল্লাহ। আপনি কি কে বিয়ে করবেন? Like Reply 163 রত Innus Sheikh sorry vaiya ami parbo dicchi Apnake Haha a Reply ক্ষ",gendered aggression,B,1,1,GAg
testimage143.jpg,"Since god created everything, On which day did he create childhood leukemia 4 a i",religious aggression,D,3,3,RAg
testimage144.jpg,You the guy she told you not to worry about of I,non-aggressive,B,0,1,GAg
testimage145.jpg,"News/ NATIONAL শাপলা প্রতীক পাচ্ছে এনসিপি, Add ও জামায়াতের আপাত নেহ সি সে রস এ রাগ a FOR শা =a ৯ 7 চা 4 BRETT",political aggression,C,2,2,PAg
testimage146.jpg,যখন আপনার ফোন OPPO Pro এর মতো ওয়াটারপ্রফ না হওয়ায় পানিতে নামার আগে সবসময় সাবধানতা অবলম্বন করতে হয় ACH OR i টপ নি 4 তি FUR RACY ACERS TOL কিল্লাই? GUS,non-aggressive,A,0,0,NoAg
testimage147.jpg,"Did Jesus get ass raped? Asking for a friend, pretty sure the destroyed that asshole. 0০ Share If Christians downvote you, remember they downvoted Jesu. Are you the Christian anal troll from a রী +71 ৬ Removed by moderators 8 If Christians downvote you, remember they downvoted Not him. The question and user name are super similar, but he had a very particular speech style that doesn't match. a Vote i a",religious aggression,D,3,3,RAg
testimage148.jpg,Hearing voices Reasoning Schizophrenia God Anxiety রে স্ব ্,religious aggression,D,3,3,RAg
testimage149.jpg,2! Say টাংগিয়া হেরে গেছে,non-aggressive,C,0,2,PAg
testimage150.jpg,"স্পটে SEP মেয়েদের জন্য দুনিয়াবি শিক্ষা 644 ফেতনা, গ্রাজুয়েশন করা মেয়েদের জন্য পুরুষরা চাকরি HATTA SIC FES PETS SIIB ASIC FET তারা দীনদার দেখে বেকার মাধ্যমিক ফেইল লেবার বিয়ে করে ভিসায় আরব দেশে কাজ করা বাঙ্গু ফেসবুকের গ্রুপে স্্স ঙ সাধারন নারী যাদের স্বপ্ন আছে পড়াশোনা করার, ত্তান বিজ্ঞানে অবদান রাখার",gendered aggression,B,1,1,GAg
testimage151.jpg,oak a i ২1 ছি i RRA) 1 A! 1 Sie Alp থাকলেই SBI মম চা হয়না জেসমিন,non-aggressive,B,0,1,GAg
testimage152.jpg,"A\ pret, #4 ley like 07০ theme i of new update theme INS 7 pdated Twilight",non-aggressive,A,0,0,NoAg
testimage153.jpg,a ডঃ 1৫ ঙ্‌ Did crime ষ্ঠ 7146৬61 apologised রঃ তা তত. Now warts sympathy i a,non-aggressive,B,0,1,GAg
testimage154.jpg,"Okay guys, the humans created are acting wicked. Any ideas? রি 0 Drown them all with a flood! ০ম 0 AS উল.",religious aggression,D,3,3,RAg
testimage155.jpg,"MAUNA, রঃ চুল চুন নে শত [পতি নাটোরী প্রাকৃতিক ওষধালয় ্ ড্র ৯৫% মেয়ে কলেজ ভার্সিটিতে যাবার আগেই শারীরিক সম্পর্ক হয়ে যায়। আপনি ভাবছেন বয়স হয়ে গেছে তারা সে/ক্স করছে না এটা আপনার ভুল ধারণা। ৯৫% মেয়ে ২৭ থেকে বছরের মধ্যে বিয়ের আগে 12ভা/ তারি হয়ে যায়। স্বামী নাই লাং ঠিকই আছে। লাং নাই কিন্তু হ/স্তমৈথুন করে চলছে। বর্তমানে অবিবাহিত দের মধ্য থেকে কেউ গুনাহ থেকে বেঁচে নেই। বিবাহিতরা বিয়ে করেও গুনাহ থেকে বেঁচে নেই। সামনের দিনগুলো বড়ই ভয়ঙ্কর। Reply 75 \4 7 Tahia Ramisha",gendered aggression,B,1,1,GAg
testimage156.jpg,মত্ত NTA উম্ম ৷ 1 An 5 চি pow 15 4 111 a 2) a. ৬ i তব 4 78 5,religious aggression,D,3,3,RAg
testimage157.jpg,এ রক জু ০ ৩৮৪0৮ 4 Sap if you've met someone who went to Notre Dame College 4 1 1 they would have within the first five brought it up fucking seconds of meeting you.,non-aggressive,A,0,0,NoAg
testimage158.jpg,ফেমিনিস্টদের বিরুদ্ধে কোনো নারী যোক্তিক মন্তব্য করা বিদ্যমান! femenist 0 চা A 4 AS 9 2 fang I 0 ang,gendered aggression,D,1,3,RAg
testimage159.jpg,"যখন না বুঝে পুণ্য অর্জনের রদ জন্য গীতা পড়তাম EAN, 2 গীতার 8 oh পড়ার চেষ্টা শুরু কোন বাইঞ্চুত লিখসে",religious aggression,D,3,3,RAg
testimage160.jpg,মিটিংয়ে শুভাকাঙ্ক্ষী ভুল উচ্চারণ করে ফেলসি ১ দেন ক 19,non-aggressive,A,0,0,NoAg
testimage161.jpg,ঢা তা আমি ওদের দানব বলছি তাই বলে ওরা আমার পোস্টে গরুর গোসতের ছবি কমেন্ট করতে পারে Victim Card a 4 OLDE স্,religious aggression,B,3,1,GAg
testimage162.jpg,"Julycdi Campaign begins The 1 2 July* 3, rad is ২ a a 3 রনী,",political aggression,C,2,2,PAg
testimage163.jpg,পা যু পে A পক a ৭.,political aggression,C,2,2,PAg
testimage164.jpg,NO কৃ ৯৯ (4 ৯ ৯ ৷ ঙ ১প০ আমার গেমে আয় তরা খেল 4 2,non-aggressive,B,0,1,GAg
testimage165.jpg,দ্যা পি AND THIS IS A Fis IS MY FAVORITE GOD FAV UNIVERS! OR ITE 5 SO FEZ 3 A রত thisis my favorite planet AND THIS IS OLAR SYSTEM 8 3) 4 1 AND THESE ARE MY FAVORITE PEOPLE,religious aggression,D,3,3,RAg
testimage166.jpg,অনলাইনে কোনো বড় ভাই হসচ রেজাল্ট জানতে চাওয়ার পর যখন বলে সামনে থাকলে ট্রিট দিত: আমি: 14 রেজাল্টের! 7 2টি AN রিকোয়েস্ট মা নি 4,non-aggressive,B,0,1,GAg
testimage167.jpg,"যখন কেও জিজ্ঞেস করে শত ব্যস্ততার মাঝে পারিবারিক চাপ কীতাবে সামলাই ভালা সি গং"" চু রদ র্ভ ৯ লি রা (৪৬ 4 Nos 20 ২ ৯৮ ৷ 1২ 2০ 3 A চমু",non-aggressive,B,0,1,GAg
testimage168.jpg,_MOM! রক রা a রত ৪৭ THEYRE POSTING'D DIGITS AGAIN!,non-aggressive,A,0,0,NoAg
testimage169.jpg,"৭1 2 A iS 3 ৭ আত দরের তে উঠবো. আও থেকে দেরি as 3 2 i* যন টব 8 yell ৮০৮ ৫.7. ""১৮৮, 2: fal was ১ A"" fiw 8 be A a ১.৭ ২ ক নক lim dranil Rebom 1 4",religious aggression,B,3,1,GAg
testimage170.jpg,"গরমে ছেলেরা, য়েভ হাওয়া খায় মূ পা লী 9 (ILI",gendered aggression,B,1,1,GAg
testimage171.jpg,when you do when you do somethin nothing for your fami go your family 3: ৯,non-aggressive,A,0,0,NoAg
testimage172.jpg,আপনি ও আপন্মার হোমস যখন ছাদে বসে বুঝতে পারেন কাজটা ঠিক হয়নি কারন এখন আপনাদের নিচে নামা লাগবে ছয়তলা হেটে ড় 4 An ৬৭ নি ERE 4 ১ oF,non-aggressive,B,0,1,GAg
testimage173.jpg,Christians for most of history fighting for Jesus Muslims for most of history fighting for Allah Jews i fightingjfor my fucking life,religious aggression,D,3,3,RAg
testimage174.jpg,বগুড়ার ছেলেরা চড়ম খারাপ রে. কেন.277 ছাপ নাফ তোর আবার কি করলো? রও এতো আটা ময়দা মাইখা পোচ দিলাম একটা পোলাও আমার দিকে তাকাইলো না। অআঅর্া এমনই রে. 24 অরা মাইয়াগো পিছে ঘুড়ে না মাইয়ারাই ওদের পিছনে ঘুড়ে,gendered aggression,B,1,1,GAg
testimage175.jpg,রী right now: ৷ রি 0% 5 রণ 4 (1 1],political aggression,D,2,3,RAg
testimage176.jpg,"জুলাই ঠিকাদার'ও ঢা tO side wea *জুলাই আহত রা *জুলাই শহীদ আর আহত (TRACI এখনো হসপিটালে, বিক্রি করে নতুন অধরা মামলা খেয়ে রাজনৈতিকীরন্দোবস্ত তলে হয়রানির স্বীকার হবে করবৌ* A তা SEI",political aggression,C,2,2,PAg
testimage177.jpg,"""রগের নিন"" 4৮ ""ওষ্ঠের যত্ন নিন""",political aggression,D,2,3,RAg
testimage178.jpg,"So, you are claiming to be your own father and that you impregnated your own mother? a কঙ ৭? ২ a",religious aggression,D,3,3,RAg
testimage179.jpg,"There are always some students who will say"" ক্লাসঢা অনলাইনে নেওয়া যায় না?' ৬ 4): (i",political aggression,A,2,0,NoAg
testimage180.jpg,আশিক জ্বিনের বাদশাহ রঙ \4 যে যত বেশী তত নারাবাদী. 7 তি (OURS সে তত বেশা বুড়ি 1 বেডি বাতি 23 বাতিলে 44 মাতারি হয় Glide মনন বাদশাহ,gendered aggression,B,1,1,GAg
testimage181.jpg,"ডিপ্লোমা ইঞ্জিনিয়ার ছাড়া দেশ অচল। Meanwhile Diploma Engineers work: ০০ FUTURE PARK i I Abb be Lid leet we জাল 1 দা যা AT bod iim. a 1. চ HE ANTAGES HEE i 7 বা 4. or 4 1৪৯৪ 8 জজ Gres 8 5] 0 রণ নর Seng a ১২০ ""14 a কী টন fori] a 2, 7 i ৬৬২৯১ SAL 1] I সূ (ILIA) 12 11, 1 1) fom Jaa A ৫ পু yo i am এও, 2 =a ছু a ৯ 4 ডু lat Ses না পদ আলে ৮ 5 7% go ARN পাচ পর রর 1) So জা ১. ২০৯ a We 1 3 4 7 suas i>",non-aggressive,A,0,0,NoAg
testimage182.jpg,"হিন্দু দেবতা বিষ্ণুর শূকর অবতার। বরাহ (সংস্কৃত: ল্রহা্ট, Varaha) হল হিন্দু দেবতা বিষ্ণুর একটি অবতার, একটি বন্য শুয়োরের রূপে। বরাহকে সাধারণত দশাবতারের তৃতীয় হিসাবে তালিকাভুক্ত করা হয়, বিষ্ণুর দশটি প্রধান অবতার। তথ্যসূত্র উইকিপিডিয়া A] 2 23 A চিত্র: বিষ্ণুর বরাহ if তাহলে হিন্দু দাদারা শুয়োর মানে ওদের ভগবানকে কিভাবে খায়? ১",religious aggression,D,3,3,RAg
testimage183.jpg,Cartoon People Rising contributor Fair Apu 39 মেয়ে বলে সাইকেল চালানো নিষেধ #cartoonsforeqaulity wan EVA UGH 19% i [জাজ ছোটবেলায় 28৯1০ and 848 others অনেক সাইকেল চালাইতাম। ৫ ৪49 0150 13,gendered aggression,B,1,1,GAg
testimage184.jpg,"Have you seen a Pastor performing his miracles in the hospital? No, because hospitals have real sick people, not actors is 7 ITT a",religious aggression,D,3,3,RAg
testimage185.jpg,জজ 7 2 জাতক ব্রাহ্মণ পাজিতস্‌ মা we রামায়ণ,religious aggression,D,3,3,RAg
testimage186.jpg,"রুস্ম্ে স্ুম্্প ঈদের পর, yO What or 9 happening? হে",political aggression,C,2,2,PAg
testimage187.jpg,"ছাত্রশিবির, when it is any ২সদ নির্বাচন গেলে lame জামিদালি",political aggression,C,2,2,PAg
testimage188.jpg,"Hagp, ore",political aggression,C,2,2,PAg
testimage189.jpg,When realized can start saving for trips with just 250 taka in Bkash ৭ ৭,non-aggressive,A,0,0,NoAg
testimage190.jpg,1 ১ এ A ক 2%,religious aggression,A,3,0,NoAg
testimage191.jpg,"logic এ নারীদের তকে হেরে যা যাই এবার ইসলামবিদ্বেষী, ক্স ডট শাহাবাগিসহ বিভিন্ন ট্যাগ য়ে বাল -ছাল বলবো আর খানাক, 9 বেশ'শা..পদ্দাফা টী মাগি, ন নন ভার্জিন বলে ল্লাচ'শেম করবু। আমাদের দৌড় এইসব চস চুতিয়াগিরি পর্যন্তই।",gendered aggression,B,1,1,GAg
testimage192.jpg,"দেশে কিছু হওয়া মাত্র ক্রেডিট নেওয়ার মত না হলে প্াদগাবর Read Hora, a দাম থাম 2,",political aggression,C,2,2,PAg
testimage193.jpg,"জাই moun Tae OTC Grad 13 ""1 or ৷",political aggression,A,2,0,NoAg
testimage194.jpg,Recruiters watching you type Dear Hiring Manager for a job that was already given to their cousin,non-aggressive,A,0,0,NoAg
testimage195.jpg,"When Mustims are few in numbers. We are from the ১০ লো Religion of Peace. When Muslims are ৯ 7 5 সেল এপ ""ভাজা deserves a special status. When Muslims outnumber you. না পা চপ ১২",religious aggression,D,3,3,RAg
testimage196.jpg,"আম্মুর বলা ""ওর মতো এইটা/এটা যখন প্রেম করে বিয়া করে তো দা তত পা ন্্ক aN ১ ৯২৯১ ৬৯২৯",non-aggressive,B,0,1,GAg
testimage197.jpg,ধস াল। a Eeminist ingas Eace ok,gendered aggression,B,1,1,GAg
testimage198.jpg,বিএনপির প্রার্থী তালিকায় নাম নেই নেতা নয়নের,political aggression,C,2,2,PAg
testimage199.jpg,Bongoboltu watchin a bigger fascist than 5 ina becoming be. ০৪৩ ok ৷ ্ত,political aggression,C,2,2,PAg
testimage200.jpg,"নী কমে 1 i Get উনারা হচ্ছেন ১৯৫৪ সালের স্বামী স্্রী। স্বামী স্ত্রীকে নিয়ে কোথাও [TRA পরপুরুষ যাতে না দেখে 0) তার জন্য স্ট্রী'কে সুন্দর ভাবে ৮. পর্দায় রেখেছেন I in আর এরা হচ্ছে কলি কালে রণ TEAR স্ত্রীর রূপ, যৌবন মা""নু'ষ""কে দেখিয়ে টাকা ৬ ইনকাম করছে। $ট",gendered aggression,B,1,1,GAg
testimage201.jpg,"Hasina on August 2024 7, 7 78 4 pay} ১* উট এ 3",political aggression,C,2,2,PAg
testimage202.jpg,"Abida Sultana Oni জব করার কি দরকার আপু? মেয়ে মানুষ ঘরের রানী হয়ে থাকবেন।বাহিরে যেয়ে জব করে ক্লান্ত হওয়া,দৌড়াদৌড়ি এটার কোন প্রয়োজন আছে যদি স্বামী আপনার ভরণপোষণের সব দায়িত্ব নেয়? আর ইসলাম ধর্মে তো নারীদেরকে ঘরে থাকতেই বলা হয়েছে। 6 Love Reply 15 MARUF রী চু pped this",gendered aggression,B,1,1,GAg
testimage203.jpg,"কিছু করা যাবে। ২ টাকা ৫০ পয়সা ব্যালেন্না থাকা আমি: জনা ৭ 4 A আমি হচ্ছি fog, হিমুর কিছু করে না, শুধু দেখে",non-aggressive,A,0,0,NoAg
testimage204.jpg,"স্ত্রী নির্বাচনের সময় শুধু সৌন্দর্য নয় তার চিন্তা, চরিত্র আর মূল্যবোধ দেখুন কারণ, সে-ই আপনার সন্তানের মা হবে। দিতেন",non-aggressive,B,0,1,GAg
testimage205.jpg,"10 me after taking the sign সর্বনাশ"" written at the back of a truck too seriously: 1 ৯ A 3 a স্তনে টা",non-aggressive,B,0,1,GAg
testimage206.jpg,"236 (or) LTE, PAY 77 দু a IGM রাসেদ রাসেদ not friends on Facebook New Facebook Account Messages and calls are secured with end-to-end encryption. Only people in this chat can read, listen to, or share them. NOV 10 AT AM হাই কেমন আছো মেয়েরা চাকরি করলে বসের সাথে চোদাচুদি করে If you accept, রাসেদ রাসেদ will be able to call you and may see info like your Active Status and when you've read messages. Choose who can message you Block Delete Accept ০",gendered aggression,A,1,0,NoAg
testimage207.jpg,visualising in the mirror to bec a niwan 5 পানে ০ ৯৯৬ উর,non-aggressive,C,0,2,PAg
testimage208.jpg,Omar and how the Hijab became obligatory: oh a) ০৮০৭ A ATM,religious aggression,D,3,3,RAg
testimage209.jpg,"৪৭.২% মেয়ের বিয়ে আঠারোর আগেই দি ০৭ এমআইসিএস রিপোর্ট ২০২৫, বিবিএস jamunatelevision (1917৬780460 ১ 8 a NTE য়ে oll চাইতে অল্প বয়সে বিয়ে করাই উত্তম।",gendered aggression,B,1,1,GAg
testimage210.jpg,THAT ONE PERSON FROM YOUR UNIVERSITY WHO'S EXTREMELY GOOD AT EXTRACURRICULARS BUT TERRIBLE AT OFFICE WORK 45.,political aggression,A,2,0,NoAg
testimage211.jpg,"a= চু কি ষ্্ a a A LEE জাজ A এ বরকে রর ১1 ক i] 4 anti at A আদা পা ""৷ ৯4 7 DRE 14% wie 1, র্‌ a at 1 1 a 10% ১) 158 i",political aggression,C,2,2,PAg
testimage212.jpg,How Modern নারীজাতি of this era feel যখন কেউ তাদের ছোট পোশাক পরতে এবং পুরুষ: IF রাখতে নিষেধ কুরে। Aad i চু গা 7 তং i 74 oN CHE 4 1 i ২,gendered aggression,B,1,1,GAg
testimage213.jpg,"টা ওয়া নর-নারীর প্রত্যেকেই ফাসেক কন্যার ন্তান্ন ঢলাঢলি Bat নারী-পুরুষ উভয়ই dal বিয়র বাঘ 07র মানুধাদর চলুন। বিহায়া নারী দিয় স্যার হয় না, বগাইরত পুরুষ EAI aif soa i PROJONMER PECHAL projonmer pechal",gendered aggression,B,1,1,GAg
testimage214.jpg,"MOR ""ও 3) আউয়ামী লীগের দোব আর'ওুণ 7)",political aggression,C,2,2,PAg
testimage215.jpg,"Have you ever noticed the contrast between পা Jesus at a highly public setting A ৬) 7, Durin passover Witnessed by many (৯ A No miracles performed ১৬৯ Not peaceful ,the'nextiday, And? ডে ক Outside Jerusalem 2 \Wandering| around No publicifigu ures 1৯ <a I) lilee People Spoken TAM) anc wie a ০৪০৪ lovi 4 All Kinds of crazy! miracles 2 দা",religious aggression,D,3,3,RAg
testimage216.jpg,"LEX A Miss Universe Bangladesh অজ্ঞ? 93 Fariha Islam এতোগুলা মানুষ কষ্ট করে দিন রাত ভোট matro chia nobboy hazaar! দিয়ে এখন আপনারা যদি রেসপন্স না করেন তাহলে কেমনে হবে? আপনারা কিছু টাকা Amra parbo! দিয়ে যেই গেপ টা হইছে ওইটা মোটামুটি পূরণ করেন, তাহলে আমরা আবার ভালোভাবে চেষ্টা করতে পারি। please, স্ব Ghure darao Bangladesh Like Reply 120% Unstoppable Bangladesh আয. MRI আজ চে Mohammad Bhuiyan Aslam Jahan উনার বাবা ও মায়ের উচিত টাকা ন্যাংটা হয়েও ইতিহাস তৈরি করা যায় 25 ব্যাংকে থেকে লোন করে হলেও তার মেয়ের Like Reply 1@ জন্য ভোট কিনা। কারন তার মেয়ে জিতে গেলে কোটি টাকার গিফট পাবে। ্ Like Reply 60% a a Jasmin Hi mitila ami dowa korteci Allah tumake help korbe confidence harabena tumitumar best dewar koro. Manusher kotai kan diona. Born tumi aggie jaw amra achi tumar shate. Like Reply 4@ ইতিহাস গড়ার দাঁড়দান্ত রাৎলাদ! (ভাট দিয় মিম ইউনিভার্দ JIM থম [ERED নিশ্যিত HE",gendered aggression,B,1,1,GAg
testimage217.jpg,*Staged (াা0115[ attacks happen in India* 1 EAA 24 A একক 5 2 <0 4 {8 Jobaddie AN a Is I,political aggression,C,2,2,PAg
testimage218.jpg,ঙ রি 4 যু 4 Annisul 4 1316 [1] politics A Bangus ayed,political aggression,C,2,2,PAg
testimage219.jpg,"অলরাউন্ডার সাকিব আল এক্স গার্লফ্রেন্ড ees Star Golpo Zihad Hasan Farabi যত ভোট দিবেন তত নেংটা 2 আজ ""75011২00170 এ Tangia Zaman Like Reply Methila Riyad Hassan Zihad Hasan Farabi এসব বাল-ছাল বলে লাভ নেই,সাড়ে পাঁচ লাখ ভোট হতে যাচ্ছে 9 Like Reply Zihad Hasan Farabi Riyad Hassan সমস্যা নাই ২০ কোটির মধ্যে ৫ লাখ বেজন্মা থাকতেই পারে Like Reply 19 Top fan 8) Jok ভুলে উনি বাংলাদেশে জন্মগ্রহণ FAR Like Reply 2009% Habib Ullah Jok অন্য দেশে জন্ম গ্রহণ করলে পর্ণস্টার হতে পারতো তাই তো? ৯. 00% স্‌ (0152 নি 147 ০+ ralavant Like Reply 0 Tahura Dina ৬ হতে চেয়েছিলো আমেরিকান কিন্তু বাবা মার ভুলে হয়ে গেছে বাংলাদেশী (2 Like Reply 50 Mohammad Parvez Khan বাপ মার নাম পুরা মাইয়ার বাপে এই ছবি এলাকার মোড়ে টাঙাইবো আর কইবো দেহো দেহো আমগো এলাকার গব। eply 1 nna",gendered aggression,B,1,1,GAg
testimage220.jpg,"ছেলেরা এতো ভালো হইলে, মেয়েরা ভার্বিনিটি হারায় কার কাছে? They all want him 5",gendered aggression,B,1,1,GAg
testimage221.jpg,আপনার বামপন্থী মিত্র যখন ডাকসু নির্বাচনে ভোট দিতে গিয়ে দেখতে পায় সীল দেবার অংশ ব্যালট পেপার এর ডানদিকে: fai,political aggression,B,2,1,GAg
testimage222.jpg,*A random সাদা চামড়া ওয়ালা ফস৷ মেয়ে went viral in Bangladesh* Zendaya: a আজ বোধহয় iis IRF নেই,gendered aggression,B,1,1,GAg
testimage223.jpg,আপনার পরিবারের বৃদ্ধটির হাতে মাহক্রোফোন এবং স্মাচফোন তুলে দেওয়া থেকে বিরত থাকুন। ০6৬৬ by a a,political aggression,A,2,0,NoAg
testimage224.jpg,"University clubbing be like: 7] Skill development @everyone Poste engagement eto kom keno? sobai like, comment, share koro",non-aggressive,A,0,0,NoAg
testimage225.jpg,ইশরাক যখন ইশরাক যখন জামায়াতের জামায়াতের কাজ অযোগ্যতা সামনে নিজ দায়িত্বে করে দেয় এনে ডলে দেয় রাজনৈতিক 4 মিমসমগ্র Lai 3,political aggression,D,2,3,RAg
testimage226.jpg,চা i. wearit. Sol don't arouse other Men পরা পল be. A,religious aggression,B,3,1,GAg
testimage227.jpg,"Wife 1 rie ছুট a, a i am sorry i cant have sex with you tonight, i amireally tired i 7 Angels 4 i \Wwhatia bitch 7 litle shitl] if Wily You ugly fuck! whore 1 you 016. i নয, ইলালে Ram 3",gendered aggression,B,1,1,GAg
testimage228.jpg,0) ০০২ ৮০০১ ০ NO wre a বাবা পঞ্চাশ হাজার ভোট'দাও বাবা,gendered aggression,B,1,1,GAg
testimage229.jpg,"Hem Eads Small psi play together without A 0 A রত, ভা তা দি (7 ১৬ ও show A Then, their mentors লে Sid ?ঙ্ ১ 4 a ক পাদ 7) ১৬ everything changes. a i চস চা কী A=",religious aggression,D,3,3,RAg
testimage230.jpg,"দারা] CER SIRI IS SIE, CUE, EAGT vim তাল.",gendered aggression,A,1,0,NoAg
testimage231.jpg,Oppo Pro user me watching my friends fighting over a power bank PPO Pro ACH 0 1 ট্ রর (4 ৷ রী,non-aggressive,A,0,0,NoAg
testimage232.jpg,ৰা একটা পোলা জেনারেল 1 Vom: 4 4 _a একটা পোলা হাফেজ বাংলাদেশি কিছু স্বার্থবাদী মা-বাবা ০৭১০১ Thats a win in,religious aggression,C,3,2,PAg
testimage233.jpg,i prec (০৬০ 4 ৬ Ser RAR যে কারনে লেখাপড়ার প্রতি আমার কোন ইন্টারেস্ট নাই,gendered aggression,B,1,1,GAg
testimage234.jpg,goneiated picture of lord Rama. A *Meanwhile Bluslims tryingjtolgenerate img of can me),religious aggression,D,3,3,RAg
testimage235.jpg,"86% Posts রী 1 গিয়ে নষ্টামি করার চাইতে অল্প বয়সে বিয়ে করাই উত্তম। Haha Comment Share OOF You and others Most relevant Adnan Shahadat Author Marjan Khanam hijra naki haha dicho Apu jaiga moto lagce naki Reply Marjan Khanam Adnan Shahadat not a misogynist like you hijra"" word should not be used as a curse word,, be educated first, Reply Write a public comment. জী",gendered aggression,B,1,1,GAg
testimage236.jpg,Credibility Losing competition and my opponent is 5৭ ২,political aggression,C,2,2,PAg
testimage237.jpg,oN a সূ. 1 টি 2 যেখানে দে ন্‌ on ৫: 1 a A CIRC কাটা লী এস পট,religious aggression,D,3,3,RAg
testimage238.jpg,তে সে কুরবানী Animal পাঠা বলি উৎসর্গ,religious aggression,D,3,3,RAg
testimage239.jpg,What imagine do with the money after my week for 6 moths Savings account get matured- 4 a A চর দা ৯ ক্ষ চলে সা i 7 i ক A A রবী,non-aggressive,B,0,1,GAg
testimage240.jpg,RET,religious aggression,D,3,3,RAg
testimage241.jpg,"পা ""এখন আমি.এক্ক চাপ নিয়ে ১, কোথা য়'্থার?",political aggression,B,2,1,GAg
testimage242.jpg,ঢা মাচ [5] You see the drama medical students do এ the prof? AAS why the government has cut down the seats,non-aggressive,C,0,2,PAg
testimage243.jpg,"দোকানদার মামার সৎ প্রতিক্রিয়া, যখন ৫০০ টাকা ভাংতি নাই বলার পর আমি ৫ টাকার চানাচুর এর প্যাকেট ছিড়তে শুরু করি i ১ 7 1৬ ১২ 4",non-aggressive,A,0,0,NoAg
testimage244.jpg,"ও 1 What isn't haram, but feels haram? (Discussion start with skipping Quran videos 1; 6 44 Share SINGLE COMMENT THREAD VIEW ALL roo Slavery marrying a 9 years old girl 3 Reply +53 MOD Your comment was removed because you did not engage with others in a civilized manner. Please be civil when interacting with other users. Vote",religious aggression,D,3,3,RAg
testimage245.jpg,RICKI] RAY in থক সংগে! টু ১ 3 তা a Meanwhile them),non-aggressive,B,0,1,GAg
testimage246.jpg,বি ১৯২৯ পপ সে ote a WARI 5 4,political aggression,A,2,0,NoAg
testimage247.jpg,SNACKS MUJIB DURING (7 ০ THAUG EHRI,political aggression,C,2,2,PAg
testimage248.jpg,"5 ১৮ he ৬২ নব ৪ পে DAMNIT ৯৬ ১4 ""২ পা 2২ ৯ ্্‌ A WEED!",religious aggression,D,3,3,RAg
testimage249.jpg,res toot ATS I) FER বগা যা মেখে পূব তং a ১ জেট OMG! মাই বডি ইউর চয়েস,gendered aggression,B,1,1,GAg
testimage250.jpg,টাকলা বন্ধু যখন পাস করে রেকর্ড করার ভিডিও এর জন্য আসে কিন্তু দেখে সবাই কোনো ফুটবল না এনে তার মাথার দিকে তাকিয়ে আছি লং নি. পাদ,political aggression,C,2,2,PAg
testimage251.jpg,a Mehejabin Hurayra বিয়ের 8 বছর হলো বাট আমাদের সন্তান হচ্ছে না।অনেক ডাক্তার দেখিয়েছি বাট কারু কোনো সমস্যা না। প্রথমে সে বলেছিলো সন্তান না হলেও জীবনে দ্বিতীয় বিয়েরম করবে না বাট ইদানীং স্বামী ইনিয়েবিনিয়ে বুঝাতে চায় সে আরেকটা বিয়ে করবে।বাট আমি বেচে থাকতে এটা সম্ভব না।এখনো সে সরাসরি বলে নি বাট আমি বুঝতে পারি।আমার কি তাকে এই ব্যাপারে কোনো ওয়ার্নিং দেওয়া উচিত আপুরা? না অপেক্ষা করবো? জেলে 21 দ92) 30 ০ Most relevant 7৮ আপু আপনার স্বামী যদি হয় বিয়ে করতে চায় আপনি রাজি হয়ে যান প্রয়োজনে [on বিয়ে করিয়ে দেন। আর আপনি রাগ না করে তাকে মন খুলে ভালোবাসেন কারন সে তো যিনা করেনি।আর স্বামীর হালাল সব কথা শুনতে আপনি বাধ্য সুতরাং না করা যাবে না এতে গুনাহ হবে আপনার। MARUF He Dueen You Dropped this,religious aggression,B,3,1,GAg
testimage252.jpg,RRA এই ন'ম'রু'দ আর তার মার জন্য ফেসবুকে ল'জ্জা'য় মুখ দো'খা'তে পারিনা। তোরা দুটো উপরে আয় এ'ক'বা'র। -ব'ঙ্গাবন্টু রা ঙ,political aggression,A,2,0,NoAg
testimage253.jpg,"Anything bad happens -Some in Facebook হাই আওয়ামিলীগ,. INES এমন হয়.নি'বলে,আসি",political aggression,A,2,0,NoAg
testimage254.jpg,2! Say টাংগিয়া হেরে গেছে,gendered aggression,C,1,2,PAg
testimage255.jpg,If you ever feel stupid remember there are a billion people who believe a donkey can in outer space to the end of the universe! EES i ্ ৫ ৬ oh 2 iN 9) ৬,religious aggression,A,3,0,NoAg
testimage256.jpg,A COAG me wer দিতে পারলেও মানব রর মী শেখ হাসিনার RATS বাংল্লাদেশের ক্ষমতা রণ ফলে নিতে পারছে না,political aggression,B,2,1,GAg
testimage257.jpg,"*Looses Ducsu Election Any comment on the election? a bid disappointed, to be honest Sad, ৭২ 9 ৯ ১ রে ৷ Weng চা",political aggression,C,2,2,PAg
testimage258.jpg,8170 members after joining Awami League BAR PAR,political aggression,C,2,2,PAg
testimage259.jpg,when one of the girl from your friendlist gets married and suddenly one of the dudes starts posting too many love failure posts: fay 4 1,non-aggressive,B,0,1,GAg
testimage260.jpg,"2 NO Sal fal BIS LEN প্রমানহীন মন্তব্যের ভি. 09 Like Comment Share Maruf Ahmed as contributor they deserve salute Farzana Rahman আল্লাহপাক মৃত্যু লিখে রাখলে হবে। ওড়না ছাড়া নিচে নেমে কি হবে যেখানে ঢাকার মতো জায়গায় ফাঁকা স্থানই নেই। আপনি ওড়না ছাড়া বের হলেন পাশের বিল্ডিং ধসে আপনার উপর পরলো ইস! কি বীভৎসভাবে আপনি প্রাণ হারালেন ভাবেন একবার। আলহামদুলিল্লাহ আমি নিরাপদ স্থানে গিয়েছি হেজাব বোরখা পড়েই। যতক্ষণ পর্যন্ত সেন্স আছে আমরা চেস্টা করবো যদি সেন্স না থাকে ভিন্ন কথা। Like Reply 2089 Takiya Mim জু Farzana Rahman মেয়েদের কাছে তাদের ইজ্জত STFA মূল্য এই পৃথিবীর যেকোনো কিছুর চাইতে বেশী। দ্ধ চি manuf; Ssalute (09 ০৩৮1 queen 23 comments 4 shares You +325 818 জী Comment I, Share LEX Makendil Hasan Kiran Fallow ০ 2",gendered aggression,B,1,1,GAg
testimage261.jpg,ove everyone on like Jesus! 0 [ASENS 2) Or,religious aggression,D,3,3,RAg
testimage262.jpg,জনগণ,political aggression,C,2,2,PAg
testimage263.jpg,"একজন পুরুষ যখন সকালে কর্মস্থলে বের হয়. তখন মেয়ে বলে. আব্বু আসার সময় 7) আমার Go আইসক্রীম আর কেক নিয়ে এসো! 3) i স্ত্রী বলে canes এই, যা যা বল্লাম তা ও কিন্তু মনে করে নিয়ে এসো আবার ভূলে যেও না। প্র আর মা বলেন. বাবা সাবধানে জাস্‌ আর নিজের খেয়াল রাখিছ। রঙ",gendered aggression,B,1,1,GAg
testimage264.jpg,guards will be everywhere from now on লে. স্‌ 5 জী 4 MAW নি i Legg পি ৮৭ স্ব. ঢা i i aun FTI 77২:,non-aggressive,C,0,2,PAg
testimage265.jpg,one mistake a hi রা ulinity [পুল্ুসষ্তত্ত] 71 ১ EES,gendered aggression,B,1,1,GAg
testimage266.jpg,সাধারণ মানুষ হিন্দু 64. MUTRA,religious aggression,D,3,3,RAg
testimage267.jpg,vom পন টা ৫ a টা.,political aggression,C,2,2,PAg
testimage268.jpg,সা লা. কাম 1 আমারে নিবা মাঝি? মাস্ক কই তোর মাগি! a সী,gendered aggression,B,1,1,GAg
testimage269.jpg,A SWOMEN ৷ কুঁড়ে) @Daydllcke ১ স্ব 1 mY 5115 9 পুরুষ সূম AN নারী মানে অবলা I সম 'অধিরার চাই। ৰা সুংরক্িত সিট চাই।,gendered aggression,B,1,1,GAg
testimage270.jpg,Shibir nigga whenever they see a bit religious boy bau done a good result i HRI 1/ ১,political aggression,D,2,3,RAg
testimage271.jpg,How members feel about not participating in the 2014 National election. ৯৬ ১ A ৮৮০২ SEN 29 [0 7 ৬১ ২ (4 in,political aggression,C,2,2,PAg
testimage272.jpg,নু ঢ পা নন is,political aggression,C,2,2,PAg
testimage273.jpg,"রফ ৮ লা A ওই ডাঃ Tae A ২৭ hi ৮ I a 03১ ১ দ্৯ প্র চ* 1] PRE 5 ""4 i 5 Alans 3 IN fates TIER ধা 5 চা ছল i TAN চি in AIS i. টড ড় of লা I] ৰজ ন্ট ঢা 74 Vidi, A",non-aggressive,A,0,0,NoAg
testimage274.jpg,"Shri Kushal Baran Chakraborty hours ago এই তীব্র দাবদাহে রূপসী বাংলার কবি জীবনানন্দ দাশের বরিশালে ভোটের iii দাবানলে পর্দা তব বু করবেন না এতে পা কুশাল বাড়াদের কষ্ট I 6, হ্য় এই পাপের কারণে শ্রীকৃষ্ণ রাখাকে বিয়ে করেননি রাধার মতো শুয়ে 1 A =i জপ পড়ুন ৷ এতে শ্রী i কুশাল বাড়ায় (১ ?Real Story Of শান্তি পায় hi 2 5 Krishna",religious aggression,D,3,3,RAg
testimage275.jpg,The plus version of answers when you share it with 20 other people to save money নিজ পাপা a a BE সস! মালা পি ১ AN,non-aggressive,A,0,0,NoAg
testimage276.jpg,দে বতার জন্ম To Som 557 exhinduatheistsorg,religious aggression,D,3,3,RAg
testimage277.jpg,How to keep Zarek Tia out of Bangladeshi Politics sad. a,political aggression,C,2,2,PAg
testimage278.jpg,রত] ALLL \0 Tattoos: Paganism Fucking savages! Your body's a temple! Leviticus Circumcision surgery Dorsal slit Foreskin A ১৩ করবার] A. 4 ০০ Genital Mutilation: Judaism Based and frenulum-pilled!,religious aggression,D,3,3,RAg
testimage279.jpg,"তারা (লীগ) আর এরা তল (বিএনপি) একই মুদ্রার এপিঠ- ওাপ ""প্রথম আলো। ২ জুলাই, ২০২৫ আওয়ামী লীগ ও জামায়াত মুদ্রার এপিঠ ওপিঠ -কালের কণ্ঠ। ২০ অক্টোবর, ২০২৫ 7 A ""৭ বিএনপি ও আওয়ামী লীগ A মুদ্রার এপিঠ ওপিঠ -সময় টিভি। ২৮ আগস্ট, ২০২৫",political aggression,D,2,3,RAg
testimage280.jpg,"আম URE 2 Behold! have created the Universe: vast, useless, barren, lifeless! 5%, 7 A 13 i patch what that? i a 0 ট্রে তে That Earth, the only place in the Universe that can support life. OMG what an i: Intelligent Design Err. you took it out of context! i 0",religious aggression,D,3,3,RAg
testimage281.jpg,আপনি নারীদের কর্মক্ষেত্রে ৮:১০ ঘন্টা বব করে রাখার ভ্যাট চা কি নারীদের বাসা বাড়িতে 475 বন্ধী করে রাখার ATF,gendered aggression,B,1,1,GAg
testimage282.jpg,"দেশে কিছু ঘটলেই সবাই যখন কমেন্টে আপনার বাবাকে Go ঘোষণা করে দেয় তাই আপনার বাবা আসলেই যাওয়ার পর রাখাল বালকের গল্পের মতন কেউ বিশ্বাস করে না- আছেন অজ্ঞান সদ দ্য ৬. amd So, Anal ROTHOMBANGLAD বঙ্গবন্ধুর লাশ পড়ে থাকল সিড়িতে,আওয়ামী লীগ নেতারা তখন কোথায় ছিলঃ্শেখ হাসিনা। Prothom Bangladesh",political aggression,C,2,2,PAg
testimage283.jpg,আশ্চর্য! আজকে চিঠি দিবসে এনসিপি নেতা কর্মীদের কোনো খোলা চিঠি দে না কেন? 2 শিপ Bil ০১ 1 রাম nelate 4,political aggression,C,2,2,PAg
testimage284.jpg,"ব্রাহ্মণকে দাসী দান করিলে, স্বর্গে অপ্সরা পাওয়া যায়। অগ্নিপুরাণ, অধ্যায়- ২১১, নি করিলে, আয়ু, আরোগ্য, পে ery, শ্লোক- ৩৯|| ও পয প্রাপ্তি হইয়া থাকে। দাদী দল অনুবাদকঃ পঞ্চানন ত Wan, seams প্রাপ্ত LER প্রকাশনীঃ নবভারত শঙপড-গল.নির্মিত SER স্থালী ধান wet পাবলিশার্স দাসী দে আর ৬ 3 অন্সরানে 7 ৷ ৬ রণ 2 ৬",religious aggression,B,3,1,GAg
testimage285.jpg,১২৩৪ ধানের শীষে সীল মার পা গা নত ঙ্‌ ১ ৮০ চট চল ্ দি,political aggression,C,2,2,PAg
testimage286.jpg,IF FUNDAMENTALISTS FOCUSED ON CELLTHEORY'INSTEAD OF THE THEORY OF OLUTION NO SCIENTIST ith 3৯3 ৩ ARE 1 OUNTEDALLMY crits ১০ AT wep: iS Hi THE IS ben WHo Discoy ২ ৬ CELLS Was OTHER] THINGS!,non-aggressive,D,0,3,RAg
testimage287.jpg,"Aldus eel cee ""wife material"" শোনার জন্য কম খরচ করার অভিনয় করতে পারবো না! যে ছেলের বাজেট কম, সে তার বাজেটের মেয়ে বিয়ে করুক, আমাকে না! Like Comment Share sue +154 Most relevant Sumaya QED তাহলে আপনাকে বিয়ে করার পর, ছেলের বাজেট যদি ভবিস্্যতে বাড়ে, তখন তো তার অধিকার আছে বেশি বাজেটের অন্য কোন মেয়ে বিয়ে করার 2 Reply an 11 a 4 a HEY QUEEN, YOU DROPPED THIS",gendered aggression,B,1,1,GAg
testimage288.jpg,One piece of paper cannot define both my identity and the quality of my education ০ ০ par বং Solve i a it ও I ৬: [24,non-aggressive,A,0,0,NoAg
testimage289.jpg,খড়ের উপর হেগে উঠার সময় নিজের নু* বাম হাতে ধরে নিয়ে উঠতে হবে। স্কন্দপুরাণ ৩.২.৫.৪১-৪৪; ৪.১.৩৫.৫৮ তোর কী? 77,religious aggression,D,3,3,RAg
testimage290.jpg,All comments Tifla someone :আপনি কি বিয়ের পর চাকরি করতে ইচ্ছুক? Me: ges না! নারী থেকে চাকরানী হবার শখ আমার নাই। Reply ৪250 View 105 replies,gendered aggression,B,1,1,GAg
testimage291.jpg,বিস্পি ক্ষমতায় টু জু MEME: SONY লরি ক্রিয়েটর 1 Shes) alg EME,political aggression,C,2,2,PAg
testimage292.jpg,"I will bring judgment on all the gods of Egypt, I am the Lord Exodus ust Did the God acknowledge other Gods.",religious aggression,D,3,3,RAg
testimage293.jpg,"বাজার করে বাসায় ফেরার সময় যখন ছিনতাইকারী আপনার মোবাইল মানিব্যাগ রেখে পাঙ্গাস মাছ নিয়ে যায় এসব রাখে সুহ ৩ মহ RANTAGE লে চি ১৭ ord শী OATP, ৫৪00 a ৮ স্টার, Nar [5 নি >A A ০ ই দ্য র্‌ 7 ১47 1 A! চর রন no ক Fog bag 4 Gre a random guy A",non-aggressive,C,0,2,PAg
testimage294.jpg,"চা if 2৯ 4 ও রহ a 7 a ১, AAA 1 7) পল 77 ১৬৬ ফৌজদারী কার্যবিধি ৩৮২ ধারা অনুযায়ী, স্ত্রীলোকের মৃত্যুদণ্ড স্থগিত হতে পারে,যদি সে গর্ভবতী হয়। মোদির উপর আস্থা রাখছেন শেখ হাসিনা। anwar ৯ anwartvnews (00 a. ALL MEAN Thapthap বিদেশের টাকা এক ক্লিকে ঠাগঠাগ 5 ০ A দেশে পাচার করুন আরেক লাফলাফ oogle Play",political aggression,C,2,2,PAg
testimage295.jpg,JESUS ২ ক 73 i) 2 7 4 AWHITECHR RISTMAS:,religious aggression,D,3,3,RAg
testimage296.jpg,"Eat some bread, it is my body. এক Drink wine, it is my blood. a গু (""১ পি a Anyone want mayo? ভক্ত",religious aggression,D,3,3,RAg
testimage297.jpg,"৩৩৬ A দি Farhan Farabi Follow যেসব শা*হবাগীরা আ*ফগানিস্তানের নারীদের বোরকা পড়া ছবি দেখে ক্ষে*ত বলে,, তারা কী জানে আ*্ফগান নারীরা তাদের থেকে হাজার গু*নে সুন্দরী,, এই মেয়েগুলি কিছুদিন পরে পশ্দা ্ঞ i ৮৬ 4 বক ১ হা",gendered aggression,B,1,1,GAg
testimage298.jpg,রগ লীগ বত এলে নাস্তিক থাকে না Nay A 5 arf,political aggression,A,2,0,NoAg
testimage299.jpg,Opportunist male bestfriend after his female bestie breakup টু ১১২ 40 3 4 8১১. we A,political aggression,C,2,2,PAg
testimage300.jpg,কাবিন দেওয়া নিজেই পর্দা করো না ফরজ যেটা ফরজ Cia i রণ bod IN A! ১ 1. LCA i,gendered aggression,B,1,1,GAg
testimage301.jpg,I ম্যাচ মূলত ১০০ মিনিটের হওয়া উচিৎ। ১০ i দ্েশনেতাকে দিতে হয্‌? ডল So মিনিট খেলা হয্‌।,political aggression,A,2,0,NoAg
testimage302.jpg,"যো 7 2 টা Yeah I Muslim Oh so you're an evil, islamaphobic racist, Zionist, rat monster সফ্ে +2 No, at? just think child marriage is bad Also fuck Israel Your lying ৬",religious aggression,D,3,3,RAg
testimage303.jpg,What are the abrahamic faith's views on crossdressing? Crossdressing is forbidden (except on the holiday of A purim) me GOD COMMANDED ME TO DRESS AS A MAN AND FIGHT THE ENGLISH,religious aggression,D,3,3,RAg
testimage304.jpg,ভূ টস ট 'জামাদ্াত ও আওয্ামী লীগ একট দুভ্রার এপিঠ-৩পিঠ' সামাপ্তা শারখিন এপিঠ ৬৬ ওপিঠ,political aggression,D,2,3,RAg
testimage305.jpg,ৰং 0 টা! (8 রক্ষক ্‌ i 3 2 pal 1 bia ১. ধু না a ১০1 THE POE INTER THE ADVOCATE! (১৬ HE 1) ক্কত ট্যালেন্ট,political aggression,C,2,2,PAg
testimage306.jpg,"কোন কারণ ছাড়াই মুসলিম দোকানের চিকেন বিরিয়ানি নিয়ে মক করা পাজিত এ শা কু Be 7 7 2 কি ম্ট্মচে, পপ শিক FAL {14 ত্য a ছেল 3) 2 8 pec বিজ্ঞানমনস্ক",religious aggression,D,3,3,RAg
testimage307.jpg,"a Mehejabin Hurayra বিয়ের 8 বছর হলো বাট আমাদের সন্তান হচ্ছে না।অনেক ডাক্তার দেখিয়েছি বাট কারু কোনো সমস্যা না। প্রথমে সে বলেছিলো সন্তান না হলেও জীবনে দ্বিতীয় বিয়েরম করবে না বাট ইদানীং স্বামী ইনিয়েবিনিয়ে বুঝাতে চায় সে আরেকটা বিয়ে করবে।বাট আমি বেচে থাকতে এটা সম্ভব না।এখনো সে সরাসরি বলে নি বাট আমি বুঝতে পারি।আমার কি তাকে এই ব্যাপারে কোনো ওয়ার্নিং দেয়া উচিত আপুরা? না অপেক্ষা করবো? ভেলে 21 21 30 ০ Most relevant 7৮ আপু আপনার স্বামী যদি হয় বিয়ে করতে চায় আপনি রাজি হয়ে যান প্রয়োজনে নিযে বিয়ে করিয়ে দেন। আর আপনি রাগ না করে তাকে মন খুলে ভালোবাসেন কারন সে তো যিনা করেনি।আর স্বামীর হালাল সব কথা শুনতে আপনি বাধ্য সুতরাং না করা যাবে না এতে গুনাহ হবে HANIF MARUF He I"" Queen You Dropped this",non-aggressive,B,0,1,GAg
testimage308.jpg,সে ডে বিসমিল্লাহির রাহমানির রাহিম রস টা 8 Be) 3 a bal ৬ 1 ঢা Without 3016 without (144 আদর্শ বাংলা Protection MEME পোস্টিং 4 You should choose your words more carefully.,political aggression,C,2,2,PAg
testimage309.jpg,"রুটি ধান এবং শান্তিতে জীবনযাপন করুন, নইলে আমার গোবর তো আছেই whe",political aggression,C,2,2,PAg
testimage310.jpg,AFTAR COMMITTING A CRIME BANG (7%. A ॥ূ আমার পা+*ছা*য় হাত দিছো।,gendered aggression,B,1,1,GAg
testimage311.jpg,lut* বি লং রন চূ A 4 SRE ৰটি ট্রাম্পের সম্মানে ইসরায়েলি পার্লামেন্টে আড়াই মিনিট ধরে চলল করতালি,political aggression,C,2,2,PAg
testimage312.jpg,"3 (74. পা, চলা না সিট eem Create story Hossen 2 প্রনানখীল প্রমানহীন মন্তব্যের ভিত্তিহী Join ৩০৬৩৬ নি Maruf Ahmed ও eta Sara cilooo vai marufis a CAAT ATS 01 Anonymous member আমার স্ত্রী তার প্রাক্তনের সাথে সোশ্যাল মিডিয়াতে চ্যাট করেছে প্রমাণ আছে আমার কাছে)! এখন সে কাল বাপের বাড়ি থেকে আসবে ২ মাস পর(পরীক্ষার জন্য গিয়েছিল)! তো আমি কি করতে পারি? তালাক দিতে চাচ্ছিলাম? Mahdin Habib others Mahdin Habib 162 Most relevant রর 7 বউয়ের নামে বড় এমাউন্টের লোন নেন ব্যাংক থেকে তারপর ডিভোর্স দেন।যে টাকা লোন নিবেন সেটা দিয়ে কাবিন পরিশোধ করবেন Reply গু 170 comments 65 shares 019 Like Comment Share ৩৬৩৬ 7508, 0) BATCH 2025 evo Admission Preparation জাতীয় বিশ্ববিদ্যালয় সহ সকল বিশ্ববিদ্যালয়ে. See more ্্্্্শ্িষ্ষ্্িিণ্্ণি্ঠূষ্চ্ষ্ষ্িিিিিিিিি্্ষিষ্ষ্ন্তন্ন্ষুন্্ুষ্ননননন্ন্ন্্ন ০",non-aggressive,B,0,1,GAg
testimage313.jpg,"ঢ NAN KNEW THAT THE CHILD WOULD NOT BE HIS; SO WHENEVER HE SLEPT WITH HIS BROTHER'S WIFE, HE SPILLED HIS SEMEN ON THE GROUND TO KEEP FROM PROVIDING OFFSPRING FOR HIS BROTHER. WHAT HE DID WAS WICKED IN THE LORD'S SIGHT; SO THE LORD PUT HIM TO DEATH ASQ; GENESIS Go ্‌ দু /৯/৯), ৯ রা পাস রন I ৷ 8 ০ a ভক্ষণ",religious aggression,B,3,1,GAg
testimage314.jpg,when introduced one bro with another and their bro vibe matches better so now the lesser bro: ঙ লাল,non-aggressive,A,0,0,NoAg
testimage315.jpg,"নিজের গা) রাখো, বে TRIPS চা ও Sei পা ২২ 4 নেন চাচা, খোদা, উঠায় নেও আমারে ঁ i 4 রশ ৯ 1701 নং",gendered aggression,B,1,1,GAg
testimage316.jpg,"MORNING SIS ৫০০ i Ads a RIGRIET 3) 2) ৰা] রণ 2) ৬ ৬ 5 2 ্ম্ল 00 I ও তো, ট্রে i a a 3) 7) 3) 7) Tied hi 1 ৰা ৰ্ ১২ (6 (4 a 6] 2) ৬: A",political aggression,D,2,3,RAg
testimage317.jpg,"As revert, of 5 years. never felt more freedom. Islam is the perfect 309 religion for all mankind. Reply Even tho husband can have sex slaves? Reply Stop lying freak 27 Reply",religious aggression,D,3,3,RAg
testimage318.jpg,"3 4 (I) GYRE STINE ROG (PIG ROI না""",political aggression,C,2,2,PAg
testimage319.jpg,"মে RTE, GIRS ছেলেদের দত তত ৭ Cal লিঙ্গই মিলা নাই মনাকিভাবে মিলবে",gendered aggression,B,1,1,GAg
testimage320.jpg,গা ঁ peace never an no উল i i 1) i i,political aggression,B,2,1,GAg
testimage321.jpg,"(Sree) যেমন নদী সকলের মধ্যে গঙ্গা দেবতাদের মধ্যে বিষ্ণু ও বৈষ্ণবদের মধ্যে শ্রীশংকর সর্বশ্রেষ্ঠ, তেমনি পুরাণের মধ্যে শ্রীমভাগবত পুরাণই সর্বশ্রেষ্ঠ পুরাণ, ১২|১৩|১৫ যেমন শ্রীকৃষ্ণের প্রিয়সীসমূহের মধ্যে রাধা, ঈশ্বরীর মধ্যে লন্ষ্মী, পন্ডীতের মধ্যে স্বরসতি সর্বশ্রেষ্ঠ, (3 7 By তেমনি পুরাণের মধ্যে 7) TEE পুরাণ সর্বশ্রেষ্ পুরাণ, কৃষ্ণ TAIT, ১৩৩।৩১-৩২",religious aggression,C,3,2,PAg
testimage322.jpg,"gymbro his wife gives 0101 to twins: ""২ ১ with you anymore দ্ধ",non-aggressive,B,0,1,GAg
testimage323.jpg,গোলাম বাংলায় আওয়ামীলীগের ঠাই নাই,political aggression,A,2,0,NoAg
testimage324.jpg,"গাড়িতে উঠার পর মেয়েরা যেভাবে বমি করে 4 a AN A) রা rollin, 1 Asi [0 You and 198 others oly 199 37 Kakoll Rani যখন দ্রুত চালিম়ে ব্রেক মারে। তখন আমারও বমি হয় এমন। 0 akoli Rani",gendered aggression,B,1,1,GAg
testimage325.jpg,স্বজন বেদনা: আমি পা Roy,political aggression,C,2,2,PAg
testimage326.jpg,"Drinking alcohol, eating pork, or not fasting Ramadan! ATM Owning 5 ৯২২ women as war bounty, slavery, or Jihad. ৬",religious aggression,D,3,3,RAg
testimage327.jpg,"এক বিশেষধর্মালম্বর কোনো লোকের ধর্ময় উষ্কানীমূলক অপরাধ প্রমাণ হওয়া বিদ্যমানঃ ""নিশ্চই তার আইডি মৌলবাদীরা হ্যাক করেছে"" ""এদেশে হয়ে জন্ম নেওয়া যে পাপ!"" ""জন্ম যেখানে অজন্ম পাপ"" মে 'লবাদীরা আমাদের ""এটি একটি সাম্প্রদায়িক চক্রান্ত আইন ১ ১০০০৯ Reply [<3 oN হু",religious aggression,C,3,2,PAg
testimage328.jpg,ক টু) Meanwhile বাগু তুস্কি বে: ৷ গা. ans uel I mer 2 ৮ ৪ ০ 2,gendered aggression,B,1,1,GAg
testimage329.jpg,"কী ১ blood remains in me, and in him. (i 6৫ 8 ..How you doin'?",religious aggression,D,3,3,RAg
testimage330.jpg,When someone tells you that Jesus died for your sins Jesus A 0 like shut up?,religious aggression,D,3,3,RAg
testimage331.jpg,"""এস WHOLE: 0 ০1 be own nigh নত -৮/0915 throwing people off to burn for in a pit of fire? জাজ ১/ throwing them i in| there?",religious aggression,D,3,3,RAg
testimage332.jpg,নি Divorce him. You deserve freedom. You have to comprmise. life ও,gendered aggression,B,1,1,GAg
testimage333.jpg,হিন্দুরাষ্ট্র হওয়ার ৭ Ved i ১ ৩১ চস চি aS IN a My My AS ME,religious aggression,D,3,3,RAg
testimage334.jpg,"কিন্তু পথিমধ্যে জনগণ ""March for Yunus নিয়ে হাজির হয় তখন! 4 ৬ i I",political aggression,C,2,2,PAg
testimage335.jpg,"ফু (১ চস 4 নারদ) A) Iho (Ree শিক্ষিত নারীদের] নম করছে ই 16, Sri a ০ Reali ECGS (RIS (6518 ভা HRI AT A IPF a. 3 a",gendered aggression,B,1,1,GAg
testimage336.jpg,দ্্‌ road i 4 ্। MEQ hoices i Whe loo [ing Me aha Jew i ৮ তে স্‌ লা,political aggression,A,2,0,NoAg
testimage337.jpg,"Quran refers to pubscent girls that haven menustrated, Wait wait hold up, in Islamic figh the tasfirs say younggage you're considered an adult once you start puberty, you wouldn refers women, past pube be considefied young at all Muslim apologists Anyone with abrain",religious aggression,D,3,3,RAg
testimage338.jpg,"ইসলামি ছত্রীমলেস্বা প্রকাশ্যে কার্যক্রম করার পর ৷ ১ ৬ নারীবাদী, ary, arn",religious aggression,D,3,3,RAg
testimage339.jpg,"""(পতি ১ দা RESULTS APPLE EVENT,",political aggression,A,2,0,NoAg
testimage340.jpg,বিস্তারিত ক্যাপশনে বিস্তারিত ক্যাপশনে শিক্ষিত ও aS নারীকে হুমকি মনে করে 8 পুরুষ,gendered aggression,B,1,1,GAg
testimage341.jpg,"তোট জাসছে,নাশ হবে 28 MY a ৩. ইজ ৯৯৬০ Wea সে পে We চ] Me",political aggression,A,2,0,NoAg
testimage342.jpg,১্ণম sister ০ আমার ANC aff: ১ দন ens I আমি হয়া ANE TAC আমি এইসব ধরিনাই,non-aggressive,B,0,1,GAg
testimage343.jpg,JESUS GOD (GOD #2) (GOD #1) Wait. aren't you me?? Why are you praying to me if you are me?? (WHEN GOD PRAYS,religious aggression,D,3,3,RAg
testimage344.jpg,"4 ১ 8 2 I #0 IS), SHIR র GIR? ONG?",political aggression,C,2,2,PAg
testimage345.jpg,"হাতাকাটা গেঞ্জি পরে লাখ লাখ মানুষের সামনে লাইভে এসে এক মহিলা কঁাদতেছে, ভূমিকম্পের সময় ওড়না না পেয়ে নাকি জাজ করবে! নিচে নামতে পারেনাই, কারণ মানুষ নাকি Sum",gendered aggression,B,1,1,GAg
testimage346.jpg,শেখ হাসিনার ফাঁসির আদেশ ১৭ নভেম্বর ২০২৫ বট Jamuna itv ৮ নী atv) jamunatelevision [a] jam unatvl a Sharia we 4 সবাহু [চা খাওরে!,political aggression,B,2,1,GAg
testimage347.jpg,"Pakistan did nothing India: is 4 ""4 আপনাদের উপুর মেরে দিলাম",political aggression,C,2,2,PAg
testimage348.jpg,পরীক্ষার হলে বন্ধুদের সাথে পরামর্শ করার সময় ধরা খেলে টিচার যখন এক এক জনকে আলাদা আলাদা করে বলয়ে দেয়: wus anf wwe ২৫২ ও ঢা রা গিরি রা ANTEC coh NTAGES ট এজ ১,non-aggressive,A,0,0,NoAg
testimage349.jpg,"4১ নং, He ৮৮ a A SEP 6 5 2 a ০০০০০: পা টি TES 20 া ছদ্ম ধ্ধক টপ, চর ৮ peg i CPA 2 4 us A pti ১ 1 2 1 39 ১.১",gendered aggression,B,1,1,GAg
testimage350.jpg,4 নিজ গ্রামে বোরখা পরে ঘুরে বেড়াচ্ছেন ছাত্রলীগ মভাপতি Riva) EAL panwartvnews i মিরাজ মাদারবোর্ড সব ডিতাইসে ফিট গেলে। যাবে দ যাইতে দেরি আছে ঠ।,political aggression,B,2,1,GAg
testimage351.jpg,"THE MESSENGER OF ALLAH IS TESTING US. WATCH OUT, FEF i ষ্ঠ 5, 3 RAR ""0! নং ঞ ঞ NARRATED ABDULLAH BIN ZAMA: THE PROPHET FORBADE LAUGHING AT A PERSON WHO PASSES WIND. SAHIH BUKHARI 8 73 68",religious aggression,D,3,3,RAg
testimage352.jpg,Are you sure? Yes A we ডেব,political aggression,C,2,2,PAg
testimage353.jpg,জাম an Fir} লজ্জা জজ গলদ জালা busi ০ Your Opponentfis) 0. ডা a পাপা A TCE,political aggression,C,2,2,PAg
testimage354.jpg,"Me who promised that i'll never watch cricket match of Bangladesh again A A 1 ""ও প্রচদ্প RANT ATP TING, 1 A",non-aggressive,A,0,0,NoAg
testimage355.jpg,Elias Hossain every 5 minutes- 7,non-aggressive,C,0,2,PAg
testimage356.jpg,মী পরকিয়া করায় পুরুষাঙ্গ স্ত্রী পরকিয়া করায় তাকে কেটে দিয়েছে A মেরেছে স্বামী To Zisan CFE] উচিত শিক্ষা হইসে! Marriage is scary,gendered aggression,B,1,1,GAg
testimage357.jpg,1) (5 i 0001 EARTH আসনের পদপ্রার্থী,non-aggressive,A,0,0,NoAg
testimage358.jpg,"২০ নভেম্বর ২০২৫ CHANNEL বিশ্বের প্রতি তিনজনের একজন নারী সঙ্গীর দ্বারা যৌন সহিংসতার শিকার: ডব্লিউএইচও কই।)২,- SOMEONE he he. Slog Brey A Rola oh পে A [7 বিস্তারিত কমেন্টে 140 comments 32 shares গেছি You +706 Sad Comment পল Share Hossain Sujon নারী স্বাধীনতার কারনে আজ এই অবস্থা Renlv 56 i",gendered aggression,B,1,1,GAg
testimage359.jpg,ANS RIFE AN. A=,political aggression,B,2,1,GAg
testimage360.jpg,"তং RIED ড্র 7 660 HORI] ১৩ ছা য়ের তন না| ভব ERR ARISEN] মায়ের, গরর দিয়েমান'করব 4 an",religious aggression,B,3,1,GAg
testimage361.jpg,"ART হয় তেমন রে ৫ ১৯, টু রক ১ 7 ১ 7 গমন মেয়ে কি রা",political aggression,C,2,2,PAg
testimage362.jpg,"সাকিব রাজনীতিতে আসতে চায়নি, তাকে জোর করে এমপি বানানো হয়েছিল 3 রঃ সা পচ",political aggression,B,2,1,GAg
testimage363.jpg,i SULTS aly Sun A ্ but He was a Sam ingle,political aggression,B,2,1,GAg
testimage364.jpg,"জাঙ্গিয়া পরা টাঙ্িয়া জিতুলে যেমন হতো বাংলাদেশ: জলা পল sees 23 PEDRO a 3 By or wea we 1: 15 els লাই পন এমা শ am পা Hae ০ 1 পা পা পাচ্ছ দে 7 Cing পপ গা টু a পা A জনন জা পন an a ৷ দা 2 Lue ক"" জা অঙ্গ বধ 2 ষ্ঠ in Bee go> ter he a be: 3 LAR] [দুলাল চা or 2 7 pos i An, Wed চা a faq a i a WERE নিচ BE a ara oie! হার ere acs রী পয 1 No a ঢু দা প্‌ ৪. wee a So MEL নল a ০ ৫57 [A চ 71 জা or ৭ i 7 cas AS As if ঢু 1] ঢা 1! এ সি oil নব. 1 ৷ দা ১১৮ FAS HE টে ০ লজ দূ সার ষ্ঠ রম! গো পলা Col ক! i টি i এ শা বি 1 12 দুই জা তু",gendered aggression,C,1,2,PAg
testimage365.jpg,"As soon as the first-class train ticket confirmation message arrives ant) pat! কাজ,",political aggression,C,2,2,PAg
testimage366.jpg,Fatema Inayat @fatemaainayat who said a hijabi couldn graduate A Chirag Shah Quran,religious aggression,D,3,3,RAg
testimage367.jpg,"তা i ৷ ১*$ঁ তা রি ১ National Citizen Party A A দাতা ১ ৯. ৬ 13 i) ১, টম Bir ১ ৬১১২ (as He ২ 4৮ as 4 ""১ a ২ ৯ A 0 a a ৯৯ LAL ell yond ১ দ্ধ ৮২১ Dui ৮৮২ ৯৯৭৯ ভাপা ৬ 150 Wea সাল 1৯১ Avan ন্চ্ a AVA a a ২৬১১৭ ১১ ন্‌ ৯ 11! ৬৯৯৮১ ৮ wat amim ১ ৯৯",political aggression,C,2,2,PAg
testimage368.jpg,A) Is স্বাান ১২ ২. 8 a A ১১. 4 A ১১. ঢনেশের ১২ ৬ 'অ মর কোণে রত লে পড়ো,non-aggressive,A,0,0,NoAg
testimage369.jpg,"এইডা কুয়াকাটা আর কক্সবাজার নাহ্‌, এইড আমগো কেরানীগঞ্জ জিনজিরা। বুড়িগগগঙ্গ৷ নদী SICH একদিন ঘুইরা গাইরা যাও, মনোরম পরিবেস্‌ ফুচকা মুচকা খিলামু নি অসুওবিধা কী? মন মিললে নিলবো। i মিললেও চলবো৷ পল 5 A AIR AS RUE i i 1 [7 3 ২1১1 ধ AT 1 রর 0 ৬১ সে i% ৯৮14, ৬ A নে A ake 4 a ১ a! ৯4 Tages তত এল ৮৯১৬. TAY a 22 ৩",political aggression,A,2,0,NoAg
testimage370.jpg,গাজার পুঁটলি Seeing Anti-Feminist Community সময় শাহবাগ আয়া on Sie নিতে আছে,gendered aggression,B,1,1,GAg
testimage371.jpg,"Upper castes, marginalising, discriminating, bullying, lower castes and minorities. Hoarding wealth through solidifying leadership roles for themselves by caste nepotism in government, politics and businesses, through corruption and not paying taxes. Enjoying leisure and giving their kids the best education and everything. Then justifying it by saying ""We have earned it through hard work"". 3 [৫",political aggression,C,2,2,PAg
testimage372.jpg,"INDIA TODAY TAK GNTIV LALLANTOP BUSINESS TODAY BANGLA MALAYALAM NORTHEAST BAZAAR INDIA TODAY World est Top mega Dhak Editio IN Bangladesh might witness more violence: Top Islamist leader at mega Dhaka rally scribe held its first solo grand rally in Dhaka, warning of potential future violence to ensure justice and reform. Party chief Shafiqur Rahman vowed to fight corruption and push for electoral reforms. istentostory Share Magazine, AQVERTISEMENT 2 ১ আসে চো সপ গা মাম কা 85 ost I: at-e-fstami a ear Dhak",political aggression,D,2,3,RAg
testimage373.jpg,০0 Razib স্ত্রীর হাতে smartphone তুলে দেওয়া আর পরপুরুষকে বসবাস করতে দেওয়া একই. কথা!,gendered aggression,B,1,1,GAg
testimage374.jpg,Any tragedy happened in Bangladesh the next day: folie *ভাড়া হু নং ওরে এন তলার,political aggression,C,2,2,PAg
testimage375.jpg,*A random সাদা চামড়া ওয়ালা ফস৷ মেয়ে went viral in Bangladesh* Zendaya: a আজ বোধহয় iis IRF নেই,gendered aggression,B,1,1,GAg
testimage376.jpg,আমাদের বৈদিক আর্য ধর্ম গ্রহন কর না হলে মর 5 oH ৮ আজ থেকে তোরা নিচু জাত আর আমরা উচু জাত Today আমরা হলাম আর্য। আমরা Converted না। আমরা সৃষ্টির শুরু থেকেই চনাতন হিন্দু ধর্ম পালন করে আসছি।,religious aggression,D,3,3,RAg
testimage377.jpg,ব্রাহ্মণ গৌতম বুদ্ধ শুদ্ররা বৌদ্ধধর্ম গ্রহণ করছে। হিন্দুধর্মকে হলেন বিষ্ণুর অবতার। বাঁচাও. SNE hindudh rmo,religious aggression,D,3,3,RAg
testimage378.jpg,না. A INVENTING SIN 0 SELL FORGIVENESS. I adi বেনী 2 AN 5 ঠা Tat ৬০০৬০,religious aggression,D,3,3,RAg
testimage379.jpg,MOST MENTAL SLAVERY পক 3 2 3 I) oh A) feel 2 ৭ I F-INFLI,religious aggression,D,3,3,RAg
testimage380.jpg,"a জারী ভাল গা be? ""২১ To Tafa ৬ ক দ্ Sha লা লোভ",political aggression,D,2,3,RAg
testimage381.jpg,"""Be the kind Alright, want"" then"" of guy 9 A ""OMG! You ""Be the misogynistic, patriarchal kind of woman want"" caveman 0) ৬ ১ ১, IN",gendered aggression,B,1,1,GAg
testimage382.jpg,Jamaat Jamaat Jamaat before after IN 2024 205 0 i i ৬ না,political aggression,D,2,3,RAg
testimage383.jpg,Your No this is your god mother Granddaughter? Jose ক GRA Yea 5 oN A ক চা নী নল প,religious aggression,D,3,3,RAg
testimage384.jpg,inspired 11 hi 4 (5 20 5 4 [লা ধর্মের নামে এসব কি? সে বাচ্চারা এসব দেখলে Aus oF ভয় পাবে BANGLADESHI গু ও (৪ ৮৬৬০০ ৭৯৭ পূজা NEWS Special Is 1 1% কত উৎসবমূখর অনুষ্ঠান জল উৎসবমুধর শ্মশান পুজা,religious aggression,D,3,3,RAg
testimage385.jpg,কেউ CATH ইসলাম গ্রহণ নর চি সপাতিতে ইন ন্নাংলাচেশে a অ মমরা।থাকতে শান্তিতে থাকা Impossible,religious aggression,D,3,3,RAg
testimage386.jpg,"a বাংলা ফা তা National Citizen Party Bipot So -""এইতো শাপলা পেয়ে গেছি"" SHOW YOUR SUPPORT YOUR HEARTY TO THE PEOPLE OF PALESTINE (SEND MONEY) মি",political aggression,C,2,2,PAg
testimage387.jpg,"Innus Sheikh 717 Admin ইন্টার পাশ করা মেয়ে বিয়ে করা থেকে বিরত থাকুন। ক্লাস ৮-৯ এর মেয়ে বিয়ে করুন আর তারপর তাদের পড়াশোনা বন্ধ করে দিন। পারলে আরো কম বয়সি মেয়ে বিয়ে করুন। যেভাবে ফ্রী মিক্সসিন, লিভ টুগেদার, বফের সাথে সেলেনেক্স করে ব্রেকাপ করছে উচ্চশিক্ষিত হতে গিয়ে। এমন উচ্চশিক্ষিত মেয়ে বিয়ে না করাই ভালো। Reply ০",gendered aggression,D,1,3,RAg
testimage388.jpg,"IFA IPA A ""মেয়েরা জিনস পরছে, তাই ভূমিকম্প হচ্ছে"" [7 কালের কণ্ঠ অনলাইন ০৫০০৯৬৮দেতি a লাগ on 14 3 5 4 ৷",gendered aggression,D,1,3,RAg
testimage389.jpg,ছাত্র সংসদ নির্বাচনগুলোতে ছাত্রদলের পারফরম্যান্স দেখার পর তারেক রহমানের সৎ প্রতিক্রিয়া: ATT. জে তং ১ Betaltlimse payega AS yo,political aggression,C,2,2,PAg
testimage390.jpg,When the topic is মুক্তিযুদ্ধের GOAT 2 মিমসমগ্র রাজনৈতিক 1) ৷ AN ৷ *্লীগ exactly what do A *তভ সে] ্ *্লীগ i But better i,political aggression,C,2,2,PAg
testimage391.jpg,১৭ at ১ ১২) ছেল ১ লা স্বামী-বি টেট গেছে এই পরে তম ৷ প র*কিয়া প্রে-মি-কের সাথে দেখা করতে এসে কট a স্বামী ধরলো হা'তে'না'তে,gendered aggression,B,1,1,GAg
testimage392.jpg,-প্ ৪ ৬ A ২) তং পা ২ JAR CONDITIONER,non-aggressive,A,0,0,NoAg
testimage393.jpg,"The four horsemen of just a chill guy আস ভে জলিল Samant খপ if তি nui দ্যা ১ a I i 2 2. 57 41, 1২",non-aggressive,A,0,0,NoAg
testimage394.jpg,"Oya চিন্তা করো না ইসরাইল, গোটা ১০০ কোটি হিন্দু তোমার সাথে আছে ৮০০৯০৯৯০০৯৯ ছে 4 এ 1 নে জরে Rom 7774 Please. Sta and with Is 1 4",religious aggression,D,3,3,RAg
testimage395.jpg,Me flexing my and asking my iiendio show his,non-aggressive,A,0,0,NoAg
testimage396.jpg,"NOT the God of the Universe!"" at aiman! MY (Johns: 40).",religious aggression,D,3,3,RAg
testimage397.jpg,"পাত্র আমাকে জিজ্ঞেস করছে আমি ভার্জিন কিনা এরকম প্রশ্ন করাটা কতটুকু যৌক্তিক তাও আবার সরাসরি। আমি তাকে না করে দিয়েছি বিয়ের জন্য। আর ভার্জিনিটি কতটুকু প্রভাব ফেলে বিয়ের পর? আগে থেকেই কি জানানো উচিত নাকি না বললেও চলবে যে ভার্তিন না। ভ০176 060 7১2 Most relevant Sumaiya Sumu Follow ভার্জিনিটি বিলিয়ে দিয়ে আবার বিয়ার দরকার কি! গরীব-দুঃখীদের ভার্জিনিটি বিলিয়ে সেবা চালিয়ে যান, বিবাহ করে অসহায় ছেলেটার জীবন নষ্ট করবেননা 10 Like Reply 3100% YOUSUE 47 রণ স্ত the queen destroyed it in a second",gendered aggression,B,1,1,GAg
testimage398.jpg,"Hello Hello This this? 7 AN this is Ernie Miller, sir. দূ 783 rie To ভর্তুতিদ Ernie who? Is This 7 0 So 1 No sir. This isi Click A 4১২৬১",religious aggression,D,3,3,RAg
testimage399.jpg,"Ismail Hossain Raju ৩৬৩৬৩ Reels May 21 ও নারী যখন পুরুষ হতে চায় সমান অধিকার চেয়ে কোন আ্যাঙ্গেলে ওদেরকে মনে হয় মেয়ে?.. নারী যখন পুরুষ হতে চায় সমান অধিকার চেয়ে কোন আ্যাঙ্গেলে ওদেরকে মনে হয় মেয়ে? দেখা যায় ওদের পেটেরও নাভী সম্ভা ওদের যৌবনেরি চাবি। ওদের ও নাকি আছে হাজারটা দাবি আমার মা একজন নারী তাই নারীদেরকে সম্মান দিতে পারি। তবে পেট ও নাভি দেখানো নারী কখনোই হতে পারে না আমার মা; ওদের বিয়ে খুব কমই হয়, তাই অভদ্র ছেলেদের সঙ্গে চলে যায় ভাগি তাই ওদের নাম দিয়েছি আমরা শাহবাগী। প্রত্যেক নারীকে আমিও আমরা সম্মান করি কিন্তু তাকে নাবী হতে হবে",gendered aggression,B,1,1,GAg
testimage400.jpg,"6 ল্য 4 OR, আওয়ামী লীগ ৯১৯ হ্য়ে ফিরে এসেছে, শ্রীমতী হাসিনা ২৩ নভেম্বর ২০২৫ আনোয়ার চিত্তি নিউজ anwartvnews ি 0 NIOR BAAL REMOVER A we amaz( HASINA'S FIRST CHOICE 40 SHOP NOW",political aggression,C,2,2,PAg
