Image_name,Target
testimage001.jpg,Politics
testimage002.jpg,Genders
testimage003.jpg,Genders
testimage004.jpg,Genders
testimage005.jpg,Religion
testimage006.jpg,Politics
testimage007.jpg,Genders
testimage008.jpg,Religion
testimage009.jpg,Politics
testimage010.jpg,Genders
testimage011.jpg,Genders
testimage012.jpg,Genders
testimage013.jpg,Neutral
testimage014.jpg,Religion
testimage015.jpg,Genders
testimage016.jpg,Religion
testimage017.jpg,Religion
testimage018.jpg,Genders
testimage019.jpg,Religion
testimage020.jpg,Neutral
testimage021.jpg,Genders
testimage022.jpg,Politics
testimage023.jpg,Religion
testimage024.jpg,Religion
testimage025.jpg,Politics
testimage026.jpg,Politics
testimage027.jpg,Genders
testimage028.jpg,Genders
testimage029.jpg,Genders
testimage030.jpg,Genders
testimage031.jpg,Politics
testimage032.jpg,Religion
testimage033.jpg,Religion
testimage034.jpg,Politics
testimage035.jpg,Neutral
testimage036.jpg,Politics
testimage037.jpg,Neutral
testimage038.jpg,Politics
testimage039.jpg,Genders
testimage040.jpg,Religion
testimage041.jpg,Genders
testimage042.jpg,Genders
testimage043.jpg,Neutral
testimage044.jpg,Religion
testimage045.jpg,Genders
testimage046.jpg,Genders
testimage047.jpg,Genders
testimage048.jpg,Religion
testimage049.jpg,Religion
testimage050.jpg,Religion
testimage051.jpg,Religion
testimage052.jpg,Genders
testimage053.jpg,Genders
testimage054.jpg,Politics
testimage055.jpg,Genders
testimage056.jpg,Politics
testimage057.jpg,Religion
testimage058.jpg,Religion
testimage059.jpg,Genders
testimage060.jpg,Religion
testimage061.jpg,Politics
testimage062.jpg,Religion
testimage063.jpg,Religion
testimage064.jpg,Politics
testimage065.jpg,Politics
testimage066.jpg,Religion
testimage067.jpg,Religion
testimage068.jpg,Genders
testimage069.jpg,Neutral
testimage070.jpg,Religion
testimage071.jpg,Neutral
testimage072.jpg,Genders
testimage073.jpg,Neutral
testimage074.jpg,Genders
testimage075.jpg,Neutral
testimage076.jpg,Neutral
testimage077.jpg,Religion
testimage078.jpg,Neutral
testimage079.jpg,Politics
testimage080.jpg,Neutral
testimage081.jpg,Politics
testimage082.jpg,Genders
testimage083.jpg,Neutral
testimage084.jpg,Religion
testimage085.jpg,Politics
testimage086.jpg,Politics
testimage087.jpg,Genders
testimage088.jpg,Neutral
testimage089.jpg,Genders
testimage090.jpg,Neutral
testimage091.jpg,Religion
testimage092.jpg,Neutral
testimage093.jpg,Politics
testimage094.jpg,Politics
testimage095.jpg,Genders
testimage096.jpg,Genders
testimage097.jpg,Politics
testimage098.jpg,Religion
testimage099.jpg,Politics
testimage100.jpg,Genders
testimage101.jpg,Religion
testimage102.jpg,Politics
testimage103.jpg,Genders
testimage104.jpg,Politics
testimage105.jpg,Genders
testimage106.jpg,Neutral
testimage107.jpg,Neutral
testimage108.jpg,Genders
testimage109.jpg,Religion
testimage110.jpg,Genders
testimage111.jpg,Religion
testimage112.jpg,Politics
testimage113.jpg,Neutral
testimage114.jpg,Politics
testimage115.jpg,Politics
testimage116.jpg,Genders
testimage117.jpg,Religion
testimage118.jpg,Neutral
testimage119.jpg,Religion
testimage120.jpg,Neutral
testimage121.jpg,Religion
testimage122.jpg,Politics
testimage123.jpg,Politics
testimage124.jpg,Religion
testimage125.jpg,Politics
testimage126.jpg,Politics
testimage127.jpg,Genders
testimage128.jpg,Politics
testimage129.jpg,Genders
testimage130.jpg,Religion
testimage131.jpg,Neutral
testimage132.jpg,Genders
testimage133.jpg,Politics
testimage134.jpg,Neutral
testimage135.jpg,Religion
testimage136.jpg,Genders
testimage137.jpg,Religion
testimage138.jpg,Genders
testimage139.jpg,Genders
testimage140.jpg,Politics
testimage141.jpg,Politics
testimage142.jpg,Genders
testimage143.jpg,Religion
testimage144.jpg,Genders
testimage145.jpg,Politics
testimage146.jpg,Neutral
testimage147.jpg,Religion
testimage148.jpg,Religion
testimage149.jpg,Politics
testimage150.jpg,Genders
testimage151.jpg,Genders
testimage152.jpg,Neutral
testimage153.jpg,Genders
testimage154.jpg,Religion
testimage155.jpg,Genders
testimage156.jpg,Religion
testimage157.jpg,Neutral
testimage158.jpg,Religion
testimage159.jpg,Religion
testimage160.jpg,Neutral
testimage161.jpg,Genders
testimage162.jpg,Politics
testimage163.jpg,Politics
testimage164.jpg,Genders
testimage165.jpg,Religion
testimage166.jpg,Genders
testimage167.jpg,Genders
testimage168.jpg,Neutral
testimage169.jpg,Genders
testimage170.jpg,Genders
testimage171.jpg,Neutral
testimage172.jpg,Genders
testimage173.jpg,Religion
testimage174.jpg,Genders
testimage175.jpg,Religion
testimage176.jpg,Politics
testimage177.jpg,Religion
testimage178.jpg,Religion
testimage179.jpg,Neutral
testimage180.jpg,Genders
testimage181.jpg,Neutral
testimage182.jpg,Religion
testimage183.jpg,Genders
testimage184.jpg,Religion
testimage185.jpg,Religion
testimage186.jpg,Politics
testimage187.jpg,Politics
testimage188.jpg,Politics
testimage189.jpg,Neutral
testimage190.jpg,Neutral
testimage191.jpg,Genders
testimage192.jpg,Politics
testimage193.jpg,Neutral
testimage194.jpg,Neutral
testimage195.jpg,Religion
testimage196.jpg,Genders
testimage197.jpg,Genders
testimage198.jpg,Politics
testimage199.jpg,Politics
testimage200.jpg,Genders
testimage201.jpg,Politics
testimage202.jpg,Genders
testimage203.jpg,Neutral
testimage204.jpg,Genders
testimage205.jpg,Genders
testimage206.jpg,Neutral
testimage207.jpg,Politics
testimage208.jpg,Religion
testimage209.jpg,Genders
testimage210.jpg,Neutral
testimage211.jpg,Politics
testimage212.jpg,Genders
testimage213.jpg,Genders
testimage214.jpg,Politics
testimage215.jpg,Religion
testimage216.jpg,Genders
testimage217.jpg,Politics
testimage218.jpg,Politics
testimage219.jpg,Genders
testimage220.jpg,Genders
testimage221.jpg,Genders
testimage222.jpg,Genders
testimage223.jpg,Neutral
testimage224.jpg,Neutral
testimage225.jpg,Religion
testimage226.jpg,Genders
testimage227.jpg,Genders
testimage228.jpg,Genders
testimage229.jpg,Religion
testimage230.jpg,Neutral
testimage231.jpg,Neutral
testimage232.jpg,Politics
testimage233.jpg,Genders
testimage234.jpg,Religion
testimage235.jpg,Genders
testimage236.jpg,Politics
testimage237.jpg,Religion
testimage238.jpg,Religion
testimage239.jpg,Genders
testimage240.jpg,Religion
testimage241.jpg,Genders
testimage242.jpg,Politics
testimage243.jpg,Neutral
testimage244.jpg,Religion
testimage245.jpg,Genders
testimage246.jpg,Neutral
testimage247.jpg,Politics
testimage248.jpg,Religion
testimage249.jpg,Genders
testimage250.jpg,Politics
testimage251.jpg,Genders
testimage252.jpg,Neutral
testimage253.jpg,Neutral
testimage254.jpg,Politics
testimage255.jpg,Neutral
testimage256.jpg,Genders
testimage257.jpg,Politics
testimage258.jpg,Politics
testimage259.jpg,Genders
testimage260.jpg,Genders
testimage261.jpg,Religion
testimage262.jpg,Politics
testimage263.jpg,Genders
testimage264.jpg,Politics
testimage265.jpg,Genders
testimage266.jpg,Religion
testimage267.jpg,Politics
testimage268.jpg,Genders
testimage269.jpg,Genders
testimage270.jpg,Religion
testimage271.jpg,Politics
testimage272.jpg,Politics
testimage273.jpg,Neutral
testimage274.jpg,Religion
testimage275.jpg,Neutral
testimage276.jpg,Religion
testimage277.jpg,Politics
testimage278.jpg,Religion
testimage279.jpg,Religion
testimage280.jpg,Religion
testimage281.jpg,Genders
testimage282.jpg,Politics
testimage283.jpg,Politics
testimage284.jpg,Genders
testimage285.jpg,Politics
testimage286.jpg,Religion
testimage287.jpg,Genders
testimage288.jpg,Neutral
testimage289.jpg,Religion
testimage290.jpg,Genders
testimage291.jpg,Politics
testimage292.jpg,Religion
testimage293.jpg,Politics
testimage294.jpg,Politics
testimage295.jpg,Religion
testimage296.jpg,Religion
testimage297.jpg,Genders
testimage298.jpg,Neutral
testimage299.jpg,Politics
testimage300.jpg,Genders
testimage301.jpg,Neutral
testimage302.jpg,Religion
testimage303.jpg,Religion
testimage304.jpg,Religion
testimage305.jpg,Politics
testimage306.jpg,Religion
testimage307.jpg,Genders
testimage308.jpg,Politics
testimage309.jpg,Politics
testimage310.jpg,Genders
testimage311.jpg,Politics
testimage312.jpg,Genders
testimage313.jpg,Genders
testimage314.jpg,Neutral
testimage315.jpg,Genders
testimage316.jpg,Religion
testimage317.jpg,Religion
testimage318.jpg,Politics
testimage319.jpg,Genders
testimage320.jpg,Genders
testimage321.jpg,Politics
testimage322.jpg,Genders
testimage323.jpg,Neutral
testimage324.jpg,Genders
testimage325.jpg,Politics
testimage326.jpg,Religion
testimage327.jpg,Politics
testimage328.jpg,Genders
testimage329.jpg,Religion
testimage330.jpg,Religion
testimage331.jpg,Religion
testimage332.jpg,Genders
testimage333.jpg,Religion
testimage334.jpg,Politics
testimage335.jpg,Genders
testimage336.jpg,Neutral
testimage337.jpg,Religion
testimage338.jpg,Religion
testimage339.jpg,Neutral
testimage340.jpg,Genders
testimage341.jpg,Neutral
testimage342.jpg,Genders
testimage343.jpg,Religion
testimage344.jpg,Politics
testimage345.jpg,Genders
testimage346.jpg,Genders
testimage347.jpg,Politics
testimage348.jpg,Neutral
testimage349.jpg,Genders
testimage350.jpg,Genders
testimage351.jpg,Religion
testimage352.jpg,Politics
testimage353.jpg,Politics
testimage354.jpg,Neutral
testimage355.jpg,Politics
testimage356.jpg,Genders
testimage357.jpg,Neutral
testimage358.jpg,Genders
testimage359.jpg,Genders
testimage360.jpg,Genders
testimage361.jpg,Politics
testimage362.jpg,Genders
testimage363.jpg,Genders
testimage364.jpg,Politics
testimage365.jpg,Politics
testimage366.jpg,Religion
testimage367.jpg,Politics
testimage368.jpg,Neutral
testimage369.jpg,Neutral
testimage370.jpg,Genders
testimage371.jpg,Politics
testimage372.jpg,Religion
testimage373.jpg,Genders
testimage374.jpg,Politics
testimage375.jpg,Genders
testimage376.jpg,Religion
testimage377.jpg,Religion
testimage378.jpg,Religion
testimage379.jpg,Religion
testimage380.jpg,Religion
testimage381.jpg,Genders
testimage382.jpg,Religion
testimage383.jpg,Religion
testimage384.jpg,Religion
testimage385.jpg,Religion
testimage386.jpg,Politics
testimage387.jpg,Religion
testimage388.jpg,Religion
testimage389.jpg,Politics
testimage390.jpg,Politics
testimage391.jpg,Genders
testimage392.jpg,Neutral
testimage393.jpg,Neutral
testimage394.jpg,Religion
testimage395.jpg,Neutral
testimage396.jpg,Religion
testimage397.jpg,Genders
testimage398.jpg,Religion
testimage399.jpg,Genders
testimage400.jpg,Politics
