image_name,Captions,Label,true_id,pred_id,pred_label,prob_NoAg,prob_GAg,prob_PAg,prob_RAg,prob_Oth
fb 554.jpg,ভালোই তো এতদিন ভুলে ছিলি,0,0,2,PAg,0.17331593,0.23165701,0.25820512,0.19856922,0.13825275
in 375.jpg,দুই বাসের রেষারেষিতে কুণাল ঘোষের গাড়িতে ধাক্কা! আমি খোজ নিয়েছি বাস ড্রাইভার দুটো সিপেম করে...,2,2,2,PAg,0.07209336,0.09389033,0.5810019,0.07712507,0.1758893
in 137.jpg,চিন্তা করো না বাবা; আমি আসছি,2,2,1,GAg,0.16205178,0.30723703,0.25985795,0.082001284,0.18885194
in 351.jpg,ক্ষুদ্র শিল্পে দেশে এক নম্বরে পশ্চিমবঙ্গ' সবই ওনার অনুপ্রেরণায়....,2,2,4,Oth,0.11068832,0.21342063,0.32034898,0.034665197,0.32087687
Bangla Thug Life (350).jpg,সকালের মিষ্টি রোদে ছবি অন্যদের আমার,0,0,4,Oth,0.22347634,0.10780025,0.19890478,0.18448026,0.28533828
KAM (19).jpg,অনেকদিন ঘুরতে যাওয়া হইনি চলো কথাও যায় নারায়াঙ্গঞ্জ খুব সুন্দর ... চলো যাই থাক তাহলে যাবো না,4,4,1,GAg,0.115723334,0.38341057,0.24677199,0.04737762,0.20671643
nurani-memes (131).jpg,"আম্মুঃ তোর বয়সের সবাই টিউশনি করায়া টাকা কামায় আর তুই এখনো বাপের উপরে চলস , লজ্জা করেনা ? আমিঃ লজ্জা ? হেইডাতেও প্রিজারভেটিভ দেওয়া আছে",0,0,2,PAg,0.23600847,0.17525001,0.31839067,0.062028725,0.20832217
KAM (65).png,"এই ছেলে তোমরা কই ভাই-বোন? আমরা ২ ভাই, আমি আর আমার বড় ভাই কি করে তোমার বড় ভাই? জার্মানি করে! জব এর কথা জিজ্ঞেস করছি, ফুটবল টিম না!",0,0,4,Oth,0.1787856,0.14098316,0.2953696,0.065743305,0.31911835
KAM (121).jpg,"শরীরটা ভালো না... কেমন জানি লাগতেছে ! তাই মাথা ঘুরায়... বমি বমি ভাব, তেঁতুল খাইতে মন চায়.... তাইনা!",0,0,4,Oth,0.07584692,0.28508875,0.23361307,0.04138754,0.36406374
bangla-troll (19).jpg,তুমার নাম কি ? অপূর্ব পইন্নির ঘরে পইন্নি রুপের প্রশংসা করস কেরে ?,4,4,4,Oth,0.11726454,0.16828993,0.29027113,0.047328692,0.37684563
fb 603.jpg,*২০২২ ২০২৩ সালে ভালো কিছু হবে আশায় আমি,0,0,1,GAg,0.11644657,0.4987666,0.15250905,0.08187474,0.15040313
ovodro_img (46).jpg,আমরা যাদের একসাথে দেখতে চাই কিন্তু যাদের একসাথে দেখতে পাই,4,4,1,GAg,0.1312211,0.34531364,0.15315808,0.034515724,0.3357915
Halal Memes (346).jpg,চিনছো আমারে ? চিনবা কেমনে! নতুন বন্ধু পাইলে পুরাতন বন্ধুর খোজ কে রাখে-,0,0,4,Oth,0.23951037,0.08026868,0.07457088,0.0511493,0.55450076
fb 1150.jpg,শাহবাগী পোশাকের স্বাধীনতা চাই। আমরা সবসময় পোশাক বিরোধী আন্দোলন করব। কিন্তু শীতকালে আন্দোলন করব না শীতকালে খুব ঠান্ডা লাগে।,4,4,1,GAg,0.16469407,0.2734409,0.22521485,0.090828836,0.2458214
fb 709.jpg,আচ্ছা ভাই মোবাইলে তো এতদিন ক্লাস নিত তাইলে এখন ক্লাসে কেন মোবাইল নিতে দেয় না,0,0,4,Oth,0.16468765,0.121035025,0.2324415,0.05285827,0.4289776
fb 1280.jpg,"বিদ্যানন্দ পড়বো, খেলবো, শিখবো",4,4,1,GAg,0.16699742,0.39628187,0.19446693,0.070235424,0.1720184
blog 190.jpg,"নিজেরে যখনই আবাল মনে হবে তখন মনে কইরেন, এই দুনিয়া গিজগিজ করতেসে আপনের চাইতে বহুত গুণ বেশি আবালে, যারা এই যুগেও বিচিত্র সব ভগবানেশ্বরাল্যায় বিশ্বাস করে",3,3,3,RAg,0.18897946,0.1470159,0.22794417,0.23773363,0.19832681
in 21.jpg,আম্মুর থিওরি দুধ খেলে মানুষ ফর্সা হয়,0,0,4,Oth,0.19431812,0.20567162,0.15482968,0.063123345,0.3820572
fb 1556.jpg,"যখন একজন নাস্তিক বলে, আমি প্রমাণ ছাড়া কিছুই বিশ্বাস করি না! কিন্তু সে বিবর্তনবাদে বিশ্বাস...",3,3,0,NoAg,0.3284829,0.051883187,0.12820472,0.3172343,0.17419481
fb 1871.jpg,জগ জাগি মগ মাগি,1,1,1,GAg,0.17438032,0.3419744,0.23089056,0.12691891,0.12583587
in 336.jpg,আমি দিদির দূত... গ্রামে ঢোকার পর *গ্রামবাসী,2,2,2,PAg,0.13446552,0.095359206,0.4560656,0.04340324,0.27070642
bamboo-vaiya (195).jpg,"যখন আপনি ঈদে দুই সেট জামা গিফট পান, এবং একটি পছন্দ হয় অপরটি হয় না",4,4,2,PAg,0.19135445,0.10573631,0.3532957,0.089758396,0.25985518
fb 442.jpg,কি ব্যাপার অঞ্জন দা এত উদাস কেন? কতদিন দার্জিলিং যাই না। এই গরমে কলকাতায় থাকা যায়! চলো তোমায় দার্জিলিং ঘুরিয়ে আনি সত্যি নিয়ে যাবি আমাকে? আলবৎ কিন্তু গাড়িটা আমি চালাবো | বানসোদ দার্জিলিং যাওয়ার কথা বলছি কেওড়াতলা নয়!,4,4,2,PAg,0.09319576,0.17467695,0.5310294,0.0859623,0.115135625
blog 173.jpg,"আমরা, নাস্তিকেরা, আপনের বিশ্বাস নিয়া রঙ্গ করি বইলা আপনের মন খারাপ হয়? কিন্তু কন তো, আপনের বিশ্বাস এমুন বিনুদুনী টাইপ হইলে সেইটা আমগো দোষ?",3,3,3,RAg,0.15305951,0.10748594,0.16577734,0.38462225,0.18905504
chosha (126).jpg,এতো ভাব দেখায় কি লাভ ? দিনশেষে তো চোদা-ই খাওয়া লাগবে,1,1,1,GAg,0.16829751,0.3828222,0.12624536,0.14861652,0.17401846
fb 1411.jpg,তোর বয়ফ্রেন্ডের বাবা-মা তো আজ বিয়ের কথা বলতে আসবেন? হ্যাঁ। উনি তো আবার তৃণমূল করেন। আগেই বলে রাখছি; বিয়ের খরচ থেকে কাটমানি চাইলে কিন্তু আমি এই বিয়েতে মত দেবো না। এইরকম বোলো না মা। সব তৃণমূল নেতারা মোটেই কাটমানি চায় না। তুমি বরং বাড়ির চালের পাত্রটা লুকিয়ে রাখো।,2,2,1,GAg,0.10850798,0.69558835,0.05782115,0.022429872,0.11565266
pin 25.jpg,"বলতো, পশ্চিমবঙ্গের কোন সেতুটা সবচেয় সুরক্ষিত? কি রে বল! বল! পারলি না তো! দ্বিতীয় হুগলী সেতু; পিসি ওটা দিয়েই নবান্নযায়!",2,2,2,PAg,0.08188426,0.08176281,0.39311188,0.15272275,0.2905183
fb 290.jpg,লিকা তোমার দুই পায়ের মাঝখানে আমাকে একটু ঘুমাতে দিবা সকালে উঠে গোসল করে চলে যাব,1,1,1,GAg,0.09531916,0.54945016,0.0954982,0.08431841,0.17541412
fb 1897.jpg,মধু যখন তার বফ কে কাঁচকলা দেখিয়ে কোনো সরকারি চাকরিজীবীকে বিয়ে করে ফেলে! মধুর বফ মধুর বিয়েতে : আমার মধু বেশ্যা!,1,1,4,Oth,0.22750485,0.12512906,0.2610636,0.07303185,0.31327063
direct-offense (81).jpg,যেরকম আমরা চোখে দেখি সেটা দেখার পর যেটা ভাবি,1,1,1,GAg,0.1210964,0.28235218,0.24649875,0.14892027,0.20113231
fb 1275.jpg,উনি কওমি মাদ্রাসার হুজুর তাড়াতাড়ি সালাম দিন নাহলে,3,3,1,GAg,0.15806203,0.56369865,0.04740625,0.086722486,0.14411058
Bangla Thug Life (35).jpg,পড়ালেখা ভালো রেজাল্ট আমি আমি পড়ালেখা ভালো রেজাল্ট,0,0,2,PAg,0.09047253,0.14732137,0.3827499,0.07565727,0.30379894
blog 283.jpg,কী যে রহমতের মাস রমজান! সারাটা মাস আমি দরিদ্র আর ক্ষধার্তদের প্রতি প্রকৃত সহমর্মিতা অনুভব করি।,3,3,3,RAg,0.23600976,0.0647303,0.08389734,0.53338385,0.08197871
KAM (791).jpg,আমি ফ্যান নিয়া আসছিলাম আমি টিউবলাইট লইয়া আইছি আমি কি তাহলে কারেন্টবিলের কাগজ লইয়া আমু?,4,4,1,GAg,0.12527266,0.33549032,0.24797525,0.031114597,0.26014715
in 554.jpg,"খড়ার পুরসভায় বিজেপির সমর্থনে তৃণমূলের চেয়ারম্যান! অস্বস্তিতে শাসক দল আমি তো কবেই বলেছি, ভারতীয় জনতা পার্টি মানেই তৃণমূল",2,2,2,PAg,0.060467906,0.19737637,0.5896945,0.04596846,0.1064928
fb 1044.jpg,পিতা পুত্রের অঙ্কের ভুলের ফসল,4,4,0,NoAg,0.388247,0.11893748,0.09390873,0.037857383,0.36104932
fb 106.jpg,যখন তুমি ভিপিএন এর ব্যবসা করো আর সরকার ফেসবুক ও অন্য মেসেঞ্জারগুলা বন্ধ করে দেয়,0,0,4,Oth,0.20031126,0.27751687,0.08896932,0.07612618,0.35707632
bamboo-vaiya (406).jpg,কিসে পড়েন ? ফার্মেসীতে কেন বাসায় পড়ার জায়গা নাই,0,0,2,PAg,0.1370484,0.16333792,0.48418915,0.041399244,0.17402525
KAM (245).png,"বলোতো, বায়ুমণ্ডল কাকে বলে? মণ্ডল বাড়ির উপর দিয়ে যে বায়ু প্রবাহিত হয় তাকেই বায়ুমণ্ডল বলে।",0,0,1,GAg,0.14784674,0.35177428,0.17994957,0.09906407,0.22136526
KAM (101).png,"এইযে তুই বল, এবারের ফুটবল ওয়ার্ল্ডকাপ কোথায় অনুষ্ঠিত হবে? স্যার ওয়ার্ল্ডকাপ তো ওয়ার্ল্ডেই হবে, আর কই হবে?",0,0,4,Oth,0.14960638,0.1837598,0.1724806,0.020980168,0.47317302
in 509.jpg,"চাপে পড়ে এসেছি, দাদা, কিছু একটা করুন... সবই বুঝি... তবে বারবার এভাবে এসো না লোকে বুঝে যাবে!",2,2,1,GAg,0.25036559,0.26479584,0.17751434,0.1257159,0.18160841
fb 1992.jpg,প্রেম জেগেছে আমার মনে বলছি আমি তাই তোমায় আমি ভালবাসি তোমায় আমি চাই উঁরি উঁরি বাবা কি দারুণ,1,1,1,GAg,0.08944145,0.37649214,0.25906482,0.048193254,0.22680826
Halal Memes (252).jpg,সিরিয়ালে নায়িকা যখন শ্বাশুড়ির সাথে বিদ্রোহ করে * বাঙালি শ্বাশুড়ি কিন্তু যখন নিজের ছেলের বউ কোনো একটা ভুল করে,4,4,4,Oth,0.11602914,0.21756427,0.2687285,0.11134847,0.2863296
fb 299.jpg,বাবু ব্যথা করছে না তো ? না সোনা একদম না... কিন্তু প্রথমবার তো ব্যথা করা উচিত! ও হ্যাঁ তাই তো!! আহ! আহ! আহ!,1,1,0,NoAg,0.303309,0.12663208,0.10673235,0.29014716,0.17317945
blog 285.jpg,সব মুছলিম টেররিষ্ট নয়... প্রায় সব টেররিষ্টই মুছলিম ।,3,3,3,RAg,0.21021277,0.05946065,0.15014035,0.507595,0.07259129
KAM (35).jpg,"হাতের লেখাটা একটু ভালো করো নইলে ভবিষ্যত জীবনে কষ্ট পাবে না, স্যার! আমি ঠিক করেছি ডাক্তার হব",0,0,4,Oth,0.17119585,0.22969744,0.23856762,0.028251505,0.3322875
blog 179.jpg,"এ কথা খুবই সত্য যে, আমি এখন অহংবোধ থেকে মুক্ত। তাহলে লোক-দেখানো এই আলাদা ধরনের পোশাকের কি প্রয়োজন? যাতে অন্যেরা বুঝতে পারে, আমি অহংবোধ থেকে মুক্ত ।",3,3,0,NoAg,0.4070663,0.08396395,0.065123625,0.39852288,0.045323275
in 505.jpg,লক্ষ লক্ষ টাকা আত্মসাতের অভিযোগ 'সরকারি চাকরি দেওয়ার টোপ দিয়ে লক্ষ লক্ষ টাকা গ্রাস' ! মারের মুখে তৃণমূলের নেত্রী দুয়ারে ক্যা লা নি চলছে...,2,2,2,PAg,0.03608356,0.040051952,0.7938111,0.019258764,0.110794626
chosha (24).jpg,আজকে নাকি হাগ ডে আমার কি আমি তো প্রতিদিন হাগি,0,0,4,Oth,0.22850627,0.20015508,0.13142912,0.041369807,0.39853975
fb 1470.jpg,যখন আপনি শয়তানের প্ররোচনায় ফেজবুক চালান কিন্তু আয়াতুল কুর্সি শেয়ার দিয়ে টাইমলাইনে রেখে দেন শয়তান:-,3,3,2,PAg,0.19265889,0.13322219,0.27249497,0.13287523,0.26874876
in 560.jpg,উপনির্বাচনে খেলা হবে... বাবুলের প্রচারে বেআব্রু গোষ্ঠীদ্বন্দ্ব! তৃণমূলের কর্মিসভায় রক্তারক্তি,2,2,1,GAg,0.08882455,0.38494226,0.24070233,0.07014626,0.21538457
blog 341.jpg,বিজ্ঞানের মতে এর বয়স ১৮ মিলিয়ন বছর ধর্মগুলোর মতে এর বয়স ৬-১০ হাজার বছর দুটোই সত্য হতে পারে না,3,3,0,NoAg,0.33845288,0.19684008,0.14591162,0.14930536,0.16949014
fb 1859.jpg,"""আরেহ ভাইভাতে মুখ খুললেই পাশ""",1,1,4,Oth,0.22891453,0.18066858,0.2094605,0.051687088,0.3292693
fb 1665.jpg,"আজকের এই দিনে আঙ্গুলের ঈশারায় মতান্তরে তরবারি দিয়ে চাঁদকে দুই টুকরা করা হয়েছিল। বিশ্বাস না করলে তুই নাস্তিক। কিয়ামত আসন্ন এবং চন্দ্র দিখন্ডিত হয়েছে, তারা কোন নিদর্শন প্রত্যক্ষ করলেও বিমুখ হয়ে থাকে এবং বলে এতো চিরাচরিত জাদু! আজ ১৪ই যিলহজ্জ শরীফ চন্দ্র দ্বিখন্ডিত হওয়ার দিবস",3,3,0,NoAg,0.28998175,0.1373932,0.1675445,0.23384942,0.17123118
blog 446.jpg,"আল্লা যা করে, সব ভালোর জন্যই করে... অসুখও আল্লা ভালোর জন্যই দেয়, তাই ডাক্তার-বদ্যি দেখিয়ে সুস্থ হওয়া স্পষ্ট কুফুরি! - থাবা বাবা",3,3,4,Oth,0.1572434,0.2000001,0.17894174,0.15132435,0.3124904
KAM (132).jpg,অনেকদিন পর বৃষ্টি হলো এতগুলো ভালো লাগছে কবে যে এই স্টেটাস দিবো?,0,0,1,GAg,0.22341472,0.32747012,0.14708567,0.03886256,0.2631669
fb 1408.jpg,চীনা অ্যাপ ভারতে ব্যবহার করা নিষিদ্ধ হলো; চীনের অর্থনীতি:-,2,2,0,NoAg,0.29822138,0.1847665,0.21659285,0.15889242,0.14152686
fb 1152.jpg,শাহবাগ গার্লস স্কুল এন্ড কলেজ ছেলে হয়ে মেয়েদের স্কুলে কি? স্যার আমি দেখতে ছেলে হলেও মনে মনে মেয়ে,1,1,2,PAg,0.2006922,0.15109281,0.3279745,0.15741464,0.16282588
ovodro_img (470).jpg,যখন বৌদিরা দাদাদের কাছে কথায় হেরে যায় তখন বৌদিরা দাদাদেরকে যেভাবে আউট করে ! এটা বৌদিদের নৈতিক জয়,1,1,4,Oth,0.18496118,0.22029632,0.10252009,0.030590342,0.461632
fb 1525.jpg,এটা আবার কি? এক বছর থেকে পড়ে থাকতে থাকতে জং পড়ে গেছে। গত কুরবানীর পর আর বাজানো হয় নি... পশু ! জবাই অমানবিক,3,3,3,RAg,0.3322708,0.069980934,0.06337032,0.44297272,0.09140519
KAM (449).jpg,আজকে বাংলাদেশের সাথে ক্রিকেট খেলা সবাই ব্যাটিং পাবো!,4,4,0,NoAg,0.31069008,0.21966487,0.13139069,0.047734626,0.2905197
fb 1649.jpg,বিজ্ঞান কোনও তত্ত্ব ভুল প্রমাণ হলে স্বীকার করে ধর্ম নিজেকে সত্য প্রমাণ করতে হত্যা করে,3,3,4,Oth,0.1316694,0.22445409,0.16911377,0.2055597,0.26920307
fb 1295.jpg,"ঘর সামলাই, রোকেয়ারেও সামলাই",4,4,1,GAg,0.08599457,0.38017297,0.20560133,0.061365165,0.26686588
ovodro_img (713).jpg,আপনি কী মহানায়ক হওয়ার যোগ্য ? এটা নির্ভর করে দর্ষকদের উপর... সবার মতামতের ভিত্তিতে ! আমার ফ্যানদের কাছে আমি ভগবান বুদ্ধিমান লোকেদের কাছে - আমি ঘাটালের ছাগল,4,4,2,PAg,0.070702575,0.20212327,0.39475065,0.028016422,0.30440706
KAM (115).jpg,"তোমার বেস্ট ফ্রেন্ড এর ওপর ইংরেজীতে একটি প্যারাগ্রাফ লিখো ম্যাডাম একটা প্রশ্ন, হারামি ইংলিশ কি??",0,0,4,Oth,0.06456686,0.3025974,0.23413357,0.022865951,0.37583622
tangaila (314).jpg,১৪-ই ফ্রেব্রুয়ারী প্ল্যান নিয়ে ভাবতেছি কি ভাবতাছোস হাওয়ার ভাবনা নিয়া গাড়িতে উঠছে,0,0,2,PAg,0.15076655,0.11202307,0.47089356,0.086130835,0.18018596
fb 1114.jpg,আমি জুড়ে সব ক্রিঞ্জ কন্টেন্ট,4,4,2,PAg,0.15283129,0.21984056,0.27757505,0.074326314,0.27542672
fb 511.jpg,"*আব্বুর বানানো স্পেশাল, বাঙির শরবত; *রুহ আফজা, ট্যাং ও অন্যান্য শরবত...",0,0,1,GAg,0.23722962,0.3102383,0.178361,0.19566523,0.07850594
tangaila (124).jpg,আমি পুলিশ লাইনের মেয়ে আমি* পুলিশ লাইনের মেয়ে*,1,1,2,PAg,0.21634017,0.16330007,0.36296007,0.09360571,0.16379407
in 306.jpg,তিনু নেতাদের 'ঘর ঘর কী কাহানি' মনে হয় আমার কথা ভাবছে! কুন্তলের টাকার গানমারা গেছে। যদি এবার আমার টাকার যায়!,2,2,2,PAg,0.16234326,0.24094735,0.41596308,0.06600693,0.114739396
in 92.jpg,চাইনা বেস্টু তুমি অন্য কারো হও আমি চাই সারা জীবন তুমি অবিবাহিত রও,0,0,4,Oth,0.11484586,0.28049695,0.19176337,0.060607366,0.35228643
KAM (164).jpg,ঘুমাতে যাওয়ার সময় যা বলে গুডনাইট সুইট ড্রিমস ডার্লিং দরজা জানালা ঠিকমত লাগিয়েছ তো ?,0,0,2,PAg,0.10103444,0.19461277,0.39750567,0.08557625,0.2212709
in 352.jpg,কোথায় টাকা রাখবেন কী ভাবে টাকা রাখলে ধনী হওয়া যায়? কী বলে জ্যোতিষশাস্ত্র? পিএম কেয়ার আছে তো!,2,2,4,Oth,0.08825928,0.07924501,0.3403569,0.043418866,0.44871998
fb 832.jpg,গার্জিয়ান বেতন দেয় নাই বলে স্যারকে ভুল-বাল বুঝানো আমি আর আমার বন্ধু এদিকে আমাদের গার্জিয়ানদের ফোন দিয়ে আগে থেকেই বেতন এর খবর জেনে রাখা স্যার,0,0,1,GAg,0.122907996,0.30303413,0.096520714,0.29179725,0.18573985
fb 676.jpg,ঈদের অনেক শপিং করেছেন দেখি হ্যা ভাই চাকরির প্রথম বেতন পাইছি তো তাই বাবা; মা; ভাই বোন সবার জন্য কাপড় কিনছি মাশআল্লাই...,0,0,0,NoAg,0.7330874,0.1486236,0.017156653,0.048618194,0.05251411
fb 1974.jpg,ওয়াশ রুম শিক্ষক ও ছাত্রীদের ব্যাবহারের জন্য সাধারন মানুষ হর্ণি মানুষ,1,1,1,GAg,0.17092024,0.48916128,0.11260352,0.04132124,0.18599375
bangla-gag (10).jpg,কি মনে করসিলা দুই একটা ম্যাচ ভাল খেললে সব ম্যাচে ভাল খেলবো ?!,4,4,1,GAg,0.26075485,0.31192902,0.093424104,0.035637412,0.29825458
bangla-troll (5).jpg,গরম কালে আমরা শীত কালে আমরা,0,0,1,GAg,0.24496882,0.31498438,0.11122629,0.04200056,0.28681996
KAM (145).png,সবাই এখন যা করতেসে আর আমি এখন যা করতেসি,0,0,3,RAg,0.24444817,0.2312368,0.07205585,0.25524378,0.19701542
blog 73.jpg,"সুন্দর শাহ হুজুরের দোয়া শকুনের দোয়ায় গরু মরে না, কিন্তু হুজুরের দোয়ায়...",3,3,1,GAg,0.113411084,0.3632462,0.20864704,0.14639758,0.16829813
in 446.jpg,মানিক ভট্টাচার্যর সাথে তৃণমূলের কোনো সম্পর্ক নেই !,2,2,4,Oth,0.14242877,0.1949571,0.24960479,0.12152175,0.29148757
blog 96.jpg,"আমি একজন মডারেট মুছলিম । আমি ঘৃণা, সহিংসতা বৈষম্যের বিরুদ্ধে । তবে আমার জীবনে আছে পথনির্দেশক এক কিতাব, যাতে ঘৃণা, সহিংসতা ও বৈষম্যের কথা আছে পদে পদে ।",3,3,1,GAg,0.18283671,0.26076165,0.1303184,0.1891839,0.23689936
fb 1141.jpg,সমকামীতা সেক্যুলারিজম ইসলাম বিদ্বেষ নারীবাদ নাস্তিক্যবাদ ইতিহাস বিকৃতি ট্রান্সজেন্ডার হিন্দুত্ববাদ প্রথম আলো তোমারা জেনে অবাক হবে যে সপ্তম শ্রেণীর বিজ্ঞান বই কপি করা হয়েছে প্রথম আলো একটু চালাক না হলে দুনিয়াতে টেকা মুশকিল।,4,4,1,GAg,0.24727674,0.3646712,0.10198823,0.16849253,0.117571324
ovodro_img (197).jpg,ঘরে বাবা ঢুকিয়ে দেব ! চন্দন নগরের মাল :- ওই যে মেয়েটা দেখতে পাচ্ছ ওরা আমার থেকেও বেশি ভয়ানক । ।,1,1,4,Oth,0.144211,0.2733553,0.18842696,0.037424166,0.35658255
tangaila (323).jpg,যাই একটু এসপি পার্ক দিয়ে ঘুরে আসি দূর বাল যাইয়া কি হবে আমার তো কেউ নাই,0,0,1,GAg,0.10626452,0.676621,0.03680465,0.052700248,0.12760955
fb 685.jpg,রমজানের পর দায়িত্বে আসা শয়তান! রমজান মাসে শয়তান কে নিয়ে মিমস বানিয়ে মজা নেওয়া আমি!,0,0,4,Oth,0.14070153,0.21160065,0.12825958,0.095003925,0.4244342
fb 1252.jpg,রমদ্বানে অর্জিত তাক্কওয়া ঈদ উপলক্ষে 'অমুক' টিভির ৭দিনের বিশেষ আয়োজন রমদ্বানে অর্জিত তাক্কওয়া,3,3,0,NoAg,0.52521884,0.017977515,0.03813367,0.32938758,0.08928247
blog 279.jpg,আহমেদের আছে তিনটি আপেল। দুটো সে দিলো মুহাম্মদ কে । এখন বিস্ফোরণের ব্যাসার্ধ নির্ণয় করো।,3,3,3,RAg,0.24459721,0.07849778,0.09218556,0.40721557,0.17750394
fb 1149.jpg,বাইরে বাইরে ছেলে ভিতরে ভিতরে মেয়ে,1,1,1,GAg,0.1434228,0.32657897,0.1418251,0.07993394,0.30823925
pin 30.jpg,"ভাঙলি তো ভাঙলি আর ১ টা বছর পর ভাঙতে পারলিনা?? ভোট টা হয়ে যেত, এখন লোকে ছিঃ ছিঃ করছে",2,2,4,Oth,0.13577875,0.15983978,0.21572769,0.22921792,0.2594358
blog 37.jpg,সন্ত্রাস ইছলামী দ্বীনের একটি অংশ ।,3,3,3,RAg,0.06515038,0.010379656,0.12513663,0.78374195,0.015591357
fb 1093.jpg,আমারে স্যার ডাকবা,4,4,2,PAg,0.18250084,0.18316367,0.354118,0.12052346,0.15969412
fb 1488.jpg,*ভারতীয় মুসলমানরা গরু কুরবানি দিয়ে কুরবানি পালন করবে* উগ্রু হিন্দু:,3,3,4,Oth,0.26309687,0.20062299,0.1775389,0.076248,0.28249326
fb 2064.jpg,রেফারি ও রেফারি তুই অপরাধী রে,4,4,4,Oth,0.17715678,0.18300445,0.17489967,0.119434305,0.34550488
ovodro_img (240).jpg,"তার শরীরে চারটে টাট্টু আছে , হাতে গোল্ডেন ড্রাগন ও সামুরাই ওয়ারিওর, যেটা তাকে ভালো ভাগ্য এনে দিয়েছে ।",0,0,1,GAg,0.07625875,0.53148335,0.11967601,0.07204298,0.20053898
KAM (220).png,আমি এখন বিরাট কুলী,4,4,4,Oth,0.13134986,0.27398628,0.1380579,0.09233692,0.3642691
KAM (98).png,কলোম্বিয়া কলাম বিয়া,0,0,0,NoAg,0.26795623,0.1927372,0.12942053,0.18906133,0.22082466
fb 1824.jpg,-মেয়ে : ছেলেরা কি চায় ? -আমি : সুন্দর চরিত্র পরীর মতো চেহারা বড় দুধ আধুনিক মেয়ে,1,1,1,GAg,0.19641948,0.45125186,0.1353899,0.059076164,0.1578626
fb 203.jpg,সাইজ কত ? ৭ অমি রাজি,1,1,1,GAg,0.1637229,0.3933421,0.19358304,0.09091403,0.15843786
KAM (123).jpg,বৃষ্টি হয়না কেন? কি করা যায়... ম্যাডাম মেঘকে নাড়া দিয়ে দেখেন,2,2,4,Oth,0.16292794,0.16500682,0.13938642,0.034185838,0.498493
fb 688.jpg,মেয়েটা নিশ্চই অনেক সুন্দর হবে !! এটা তো রাফসান,4,4,1,GAg,0.14379273,0.6276553,0.081566684,0.047876213,0.09910903
in 537.jpg,"রাজ্যপাল নন, এ বার মুখ্যমন্ত্রীই বিশ্ববিদ্যালয়ের আচার্য, প্রস্তাবে সিলমোহর মমতা মন্ত্রিসভার সাম্মানিক ডিলিট এবার পেয়েই যাবো",2,2,2,PAg,0.111047275,0.089678325,0.45625362,0.079161905,0.2638589
fb 1952.jpg,মেয়েটার কোমরে ব্যাথা তাই ব্যাম করাচ্ছে ডাক্তারে।,1,1,1,GAg,0.16760656,0.56320286,0.09183128,0.09251779,0.08484154
chosha (117).jpg,গায়ে হলুদের সময় বিয়ের সময় শাশুড়ির সামনে শশুরের সামনে দেওরের সামনে ফুলশয্যার পর,1,1,1,GAg,0.078027815,0.7408052,0.11572553,0.013411172,0.052030277
in 253.jpg,তৃণমূলের সততা তৃণমূলের দুর্নীতি,2,2,1,GAg,0.22188872,0.31635928,0.22860758,0.10900567,0.12413868
blog 442.jpg,হারামির বাচ্চা আমাকে কোরবানি না দিয়ে তোর বাচ্চাকে কোরবানি করে দেখা তো তোর আল্লাহ প্রেম... তুই আর তোর খোদা জাহান্নামে যা... পরের ধনে পুদ্দারি... !!,3,3,3,RAg,0.17239814,0.07749257,0.13389131,0.51964116,0.096576795
blog 112.jpg,"আল্যার কসম, আমি নিজে সাক্ষী ক্যান্সার-আক্রান্ত হওয়ার কয়েকটি ঘটনার, যেগুলোর পেছনে প্রত্যক্ষ কারণ ছিলো - সোশ্যাল মিডিয়াতে ছবি পোষ্ট করা । আল্যার কসম, আমি এসব নিজের চোখে দেখেছি, অনলাইনে ছবি প্রচার হবার কারণে শিশুরা ক্যান্সারে আক্রান্ত হয়েছে । - শেখ সা'দ আল-আতিক (চৌদি ইছলামবাজ)",3,3,1,GAg,0.11890292,0.4072732,0.15022181,0.127602,0.19600005
fb 1100.jpg,"নিজের গফ কে বন্ধুকে দিয়ে দিলাম কারন ""ভোগে নয় ত্যাগেই প্রকৃত সুখ""",1,1,0,NoAg,0.49055308,0.25103515,0.051122777,0.045671243,0.16161776
fb 1243.jpg,আমাকে কিছু বল্লে সমস্যা নেয় মাফ করে দিবো কিন্তু আমার ধর্ম আমার নবীকে নিয়ে কিছু বল্লে তোর অস্তিত্ব খতম করে ফেলবো,3,3,4,Oth,0.07381227,0.26988813,0.12916866,0.104392216,0.4227387
ovodro_img (38).jpg,"আমার বয়স আরো বেশি হলেও কী আমাকে বিয়ে করতি ? হ্যাঁ, কিন্তু বিয়ের পর কোনরকম দ্বিধাবোধ না করে মা বলে ডাকতাম ।",4,4,4,Oth,0.22935429,0.25589266,0.12580723,0.12458524,0.2643605
bamboo-vaiya (219).jpg,আজকে চান রাইত কালকে থকে গালি দিমু,4,4,0,NoAg,0.23607635,0.22185126,0.22159232,0.11548623,0.20499377
fb 525.jpg,বর্তমানে বাংলাদেশ বিশ্বে ধান উৎপাদনে তৃতীয়: প্রধানমন্ত্রী কৃষিবিদ দিবস উপলক্ষে দেওয়া এক বাণীতে প্রধানমন্ত্রী শেখ হাসিনা বলেছেন বর্তমানে... ৭৫ টাকা কেজি চাল কিনে খাওয়া সাধারণ জনগণ :-,2,2,2,PAg,0.15050153,0.17365833,0.36254218,0.055303466,0.25799456
bamboo-vaiya (166).jpg,আরে এই ছেলে তো অসম্ভব জ্ঞানী !,4,4,4,Oth,0.19280574,0.23131116,0.1293288,0.06547699,0.38107732
pin 12.jpg,হঠাৎ করে আমার ঠান্ডা হাতটা বন্ধুর গায়ে দেয়ার পর বন্ধু - বাবাগো!!,1,1,4,Oth,0.16775498,0.1979556,0.24134165,0.12944603,0.2635017
fb 1471.jpg,বিরিয়ানির প্যাকেট* সাপ্তাহিক মুসল্লী*,3,3,3,RAg,0.16780284,0.2747084,0.12065712,0.30343053,0.13340113
fb 1864.jpg,সে : শুভ জন্মদিন!! আমি : ধন্যবাদ। আমার গিপ্ট কোথায়? সে :,1,1,1,GAg,0.20524189,0.29010847,0.12871626,0.13833128,0.23760206
in 481.jpg,"বাড়িতে নগদ ৮০ লক্ষ টাকা! সিবিআইয়ের জালে হালিশহর পুরসভা তৃণমূল চেয়ারম্যান স্যার, এবার কী বলবেন? অসম্ভব ধারাবাহিকতা বজায় রেখে খেলছে দলটা",2,2,2,PAg,0.07875043,0.10160656,0.76958746,0.016022794,0.034032688
fb 1050.jpg,হ্যাঁ ভাই আমিই সেই ডিম যাকে পরীমনির রিমান্ডে ব্যবহার করা হয়েছিলো,4,4,1,GAg,0.35938838,0.42613304,0.02739796,0.021993784,0.16508675
fb 621.jpg,তোর জন্য একটা মেয়ে দেখছি না না ভাই আমার ছেলে পছন্দ,1,1,2,PAg,0.051726997,0.08009646,0.5160352,0.035757206,0.31638417
KAM (52).jpg,"মামা ভাল্লাগসে এফবি থেকে পাওয়া ছবি মাননীয় রেল মন্ত্রী জনাব মুজিবুল হক ও তার স্ত্রী এইটা কি আমাগো ভাবি,নাকি চাচী,নাকি নানী হইবো",2,2,4,Oth,0.09960621,0.27754143,0.23204227,0.015418405,0.3753917
in 611.jpg,"একটা ওয়ার্ডে নির্দল প্রার্থী এগিয়ে ছিলেন... ফলে সেখানে দেড় ঘণ্টা ধরে বন্ধ গণনা, খোঁজ পাওয়া যাচ্ছে না ইভিএমের!!! মন্ত্রী ঘনিষ্ঠ এক মহিলা প্রার্থী একটি ওয়ার্ডে ৩৮ হাজার ভোটে জিতছেন!!! এসব কী চলছে মশাই!? গণতন্ত্রের অন্নপ্রাশন চলছে!",2,2,1,GAg,0.121708065,0.37942168,0.29968885,0.02622031,0.17296109
fb 2027.jpg,পৌনে এক ঘণ্টা ধরে শুধুমাত্র ক্যাচই প্র্যাক্টিস করলেন লিটন একটু চালাক না হইলে দুনিয়াতে টেকা খুব কঠিন,4,4,4,Oth,0.13021809,0.12248883,0.1684547,0.032124855,0.5467136
blog 468.jpg,"প্রমাণ তো নেই, তবু 'গড আছে' চিল্লাও গড যদি থেকে থাকে, আছে গডজিল্লাও",3,3,1,GAg,0.1123906,0.5237139,0.10223938,0.10152157,0.16013451
in 123.jpg,"শিক্ষক স্যার আপনি এটা ভুল বলেছেন হয়তো আসোলেই, থ্যাংকস ভুল ধরিয়ে দেওয়ার জন্য হুজুর হুজুর আপনার এই ফতুয়া ভুল ভন্ড, আমার চেয়ে বেশি ফতুয়া জানো?",3,3,3,RAg,0.15414819,0.14145337,0.16496274,0.31533957,0.22409609
fb 1557.jpg,কিয়ামতের দিন নাস্তিকরা যেভাবে স্টিফেন হকিংয়ের দিকে তাকাবে...,3,3,4,Oth,0.22374058,0.21734498,0.19852015,0.11660964,0.2437846
fb 1799.jpg,আপা ইফতারে নতুন কি রেসিপি খাওয়াবেন ? ইফতারে তোদের আমি খাওয়াবো কাঠালের আমসত্ত্বা ।তাড়াতাড়ি মটিদে আমারে ।,4,4,4,Oth,0.15702666,0.24679513,0.27358425,0.046023402,0.27657053
in 586.jpg,"করোনা তাড়াতে হরিনাম সংকীর্তনে মাতলেন তৃণমূল প্রার্থী, দুর্গার দল ভালোই কাজ করছে ...",2,2,2,PAg,0.06583318,0.07646477,0.66777104,0.09856108,0.0913699
fb 206.jpg,অর্থ থাকলে গর্তের অভাব হয় না গর্ত থাকলে অর্থের অভাব হয় না... হেডা থাকলে বেডার অভাব হয় না :3,1,1,2,PAg,0.0781501,0.19371697,0.33020175,0.20220755,0.19572364
fb 1303.jpg,বন্ধুটা ভালোই ছিল কিন্তু ১৪ই ফেব্রুয়ারি গফ নিয়ে ঘুরতে যাওয়ার প্ল্যান করছিল,4,4,0,NoAg,0.5719305,0.103248306,0.036995627,0.05005613,0.23776932
fb 1235.jpg,নিরীহ প্রাণীদের অবৈধভাবে হত্যা করার সময় পশুপ্রেমী কুরবানির সময় পশুপ্রেমী,4,4,3,RAg,0.24358428,0.12766835,0.16760199,0.29595584,0.16518953
fb 1208.jpg,বিয়ে করলেন 'লোকে কেন বিয়ে করে' জিজ্ঞাসা করা মালালা। তার আদর্শ মেনে বিয়ে না করে বুড়ি হয়ে যাওয়া নারীবাদী এটা দেখার পর,1,1,2,PAg,0.16869104,0.19690487,0.34477764,0.10594323,0.18368322
blog 298.jpg,এইখানে পষ্ট কইরা লেখা আছে: আল্যার ছাড়পত্র ছাড়া মহাশূন্যে ভ্রমণ করা অসম্ভব। (সুরা ৫৫:৩৩),3,3,3,RAg,0.004554779,0.008494726,0.42491198,0.56039834,0.0016401175
bamboo-vaiya (7).jpg,একজন ভালো বয়ফ্রেন্ড সবসময় গালফ্রেন্ডের মুখে হাসি ফুটিয়ে রাখার চেষ্টা করে,1,1,1,GAg,0.11742109,0.33647603,0.12957948,0.0842599,0.33226347
blog 93.jpg,ঈশ্বর না থাকলে আমরা তার নামে এমন মেগা-ব্যবসা এতো সফলতার সঙ্গে যুগ যুগ ধরে চালিয়ে যাচ্ছি কীভাবে?,3,3,4,Oth,0.094426036,0.27178848,0.100588456,0.09943713,0.43375987
blog 439.jpg,কোরানের মতে মানবজাতির বংশবৃদ্ধি প্রথমে শুরু হয়েছিল একটি পরিবারে ইনসেষ্ট চর্চার মাধ্যমে দ্বিতীয়বারেও ভরসা ছিলো ইনসেষ্টই,3,3,1,GAg,0.27120852,0.3022151,0.23110397,0.103608616,0.09186376
direct-offense (48).jpg,উপরে সৌদি আর নিচে জার্মানি,1,1,2,PAg,0.109325305,0.20353135,0.40745363,0.12848195,0.15120777
fb 1078.jpg,চেয়ারে কলম রাখার পর যখন বন্ধু সেখানে বসে পড়ে তখন বন্ধুর অবস্থা*,4,4,2,PAg,0.20828451,0.1958584,0.27275413,0.053465016,0.269638
fb 1113.jpg,নির্বাচনী প্রচারণা* নির্বাচনে অংশগ্রহন করা প্রার্থী এলাকাবাসী,2,2,1,GAg,0.12932278,0.43589434,0.12472814,0.06276801,0.24728666
in 487.jpg,জেলে বসে খাসির মাংস খেলেন অনুব্রত!,2,2,1,GAg,0.15747844,0.33956438,0.21343052,0.06919085,0.22033581
fb 955.jpg,সকাল বিকাল রাত্রি বেলা জেসমিন আপার দরজা খোলা,1,1,4,Oth,0.23303127,0.16476047,0.2212205,0.13832347,0.24266437
pin 13.jpg,বাবা খায় ধার করে বিড়ি মেয়ে বলে আমি ডানা কাটা পরি এ কেমন মেয়ে,1,1,2,PAg,0.16090553,0.16242635,0.32264745,0.104067035,0.24995355
in 640.jpg,"""ত্রিপুরায় গণতন্ত্রের হত্যা হয়েছে। বিপ্লব দেব সরকার মানুষের অধিকার সুরক্ষা দিতে ব্যর্থ।"" তোপ ফিরহাদ হাকিমের... পশ্চিমবঙ্গে পঞ্চায়েত ভোটে তো গণতন্ত্র পাগলু ডান্স করছিল!",2,2,2,PAg,0.15109275,0.13271303,0.41061792,0.0715738,0.23400246
fb 1170.jpg,ছিঃ! আমি তো পা*খানায় পা দিয়ে ফেললাম,4,4,3,RAg,0.1542146,0.1704462,0.13480462,0.3952015,0.14533307
fb 1253.jpg,বেশি করে ঘাস খেয়ে নিচ্ছি কারণ; তারাবীর নামাজ ৮ রাকাত নাকি ২০ রাকাত সেটা নিয়ে তর্ক করতে হবে !,3,3,0,NoAg,0.64456904,0.17968409,0.032822184,0.04904932,0.09387537
fb 266.jpg,এখন না লকডাউন তুই বাইরে কি? স্যার বইমেলায় যাই,2,2,2,PAg,0.23768109,0.1982657,0.30311456,0.051119737,0.20981891
in 346.jpg,পিসি- সবাই মিলেমিশে ভাগ করে খাও একা খাবো সেটা হবে না আমি খেতে তো মানা করছি না। *তিনু নেতা,2,2,2,PAg,0.11864039,0.09806698,0.50392985,0.05403829,0.2253245
in 335.jpg,যখন দিদি বলে গ্রামে গ্রামে দূত হিসাবে যেতে হবে... গ্রামে ঢুকে তাড়া খাওয়ার পর,2,2,4,Oth,0.16469212,0.14501718,0.2444625,0.17481641,0.2710118
fb 1975.jpg,যখন আপনার ঐটা তার ভুল গর্তে ডুকে যায় বাবা গো,1,1,1,GAg,0.15295473,0.3231695,0.16545123,0.14989768,0.20852676
in 433.jpg,বিশ্বের সেরা অভিনেতা অমিতাভ বচ্চনকে জন্মদিনের শুভেচ্ছা জানাচ্ছেন,2,2,2,PAg,0.23224114,0.21577314,0.2404183,0.07294547,0.23862201
in 45.jpg,আম পাতা জোড়া জোড়া মারবো চাবুক চড়বো ঘোড়া,1,1,1,GAg,0.16090102,0.5522681,0.108228885,0.03789724,0.14070475
